zip_code,state,population,median_income,median_age,housing_units,density,region,density_category,income_category,lat,lon,pop_color,income_color,age_color,housing_color,density_color
19710,DE,24571,80927,39,9445,10107,North DE,Dense Urban,High,39.7,-75.6,#76b0cf,#00ba00,#ffaf00,#ff7156,#cd8dcd
19715,DE,33387,71921,35,14190,14235,North DE,Dense Urban,Medium,39.8,-75.65,#589ac3,#00c900,#ffbd00,#ff503d,#c785c7
19720,DE,34858,78062,36,14768,3585,North DE,Urban,High,39.9,-75.7,#5396c1,#00bf00,#ffba00,#ff4c3a,#d799d7
19725,DE,39739,55754,38,15669,5054,North DE,Dense Urban,Medium,40.0,-75.75,#438bbb,#00e300,#ffb300,#ff4635,#d596d5
19730,DE,18706,70450,40,7262,4270,North DE,Urban,Medium,40.1,-75.8,#89bed7,#00cb00,#ffac00,#ff8162,#d698d6
19735,DE,15926,61496,41,6438,2406,North DE,Urban,Medium,40.2,-75.85,#93c5db,#00da00,#ffa900,#ff8666,#d99bd9
19740,DE,32663,74656,37,12608,5737,North DE,Dense Urban,Medium,40.3,-75.9,#5b9cc4,#00c400,#ffb600,#ff5b45,#d495d4
19745,DE,26832,73727,41,10241,6353,North DE,Dense Urban,Medium,40.4,-75.95,#6eaacc,#00c600,#ffa900,#ff6c52,#d394d3
19750,DE,12520,66566,36,5271,1943,North DE,Suburban,Medium,40.5,-75.5,#9ecde0,#00d200,#ffba00,#ff8e6c,#da9cda
19755,DE,41656,71363,39,15783,8327,North DE,Dense Urban,Medium,40.6,-75.55,#3c86b8,#00ca00,#ffaf00,#ff4535,#d090d0
19760,DE,20805,65944,35,7991,2402,North DE,Urban,Medium,40.7,-75.6,#82b9d4,#00d300,#ffbd00,#ff7b5e,#d99bd9
19765,DE,25379,86546,40,10477,5498,North DE,Dense Urban,High,40.8,-75.65,#73aece,#00b100,#ffac00,#ff6a51,#d496d4
19770,DE,22087,69081,37,8999,3671,North DE,Urban,Medium,40.9,-75.7,#7eb6d3,#00cd00,#ffb600,#ff7459,#d799d7
19775,DE,28313,75705,38,11037,3114,North DE,Urban,High,41.0,-75.75,#69a6ca,#00c300,#ffb300,#ff664e,#d89ad8
19780,DE,23109,66537,39,9764,3054,North DE,Urban,Medium,41.1,-75.8,#7bb3d1,#00d200,#ffaf00,#ff6f55,#d89ad8
19785,DE,43848,79766,40,17592,8595,North DE,Dense Urban,High,41.2,-75.85,#3580b5,#00bc00,#ffac00,#ff382b,#d090d0
19790,DE,39197,75225,40,15185,5033,North DE,Dense Urban,High,41.3,-75.9,#458cbb,#00c300,#ffac00,#ff4938,#d597d5
19795,DE,21005,68029,35,8266,3564,North DE,Urban,Medium,41.4,-75.95,#82b8d4,#00cf00,#ffbd00,#ff7a5d,#d799d7
19810,DE,38731,55390,39,16414,8462,North DE,Dense Urban,Medium,39.7,-75.6,#468dbc,#00e400,#ffaf00,#ff4131,#d090d0
19815,DE,10541,65428,40,4007,1069,North DE,Suburban,Medium,39.8,-75.65,#a5d2e2,#00d300,#ffac00,#ff9773,#db9edb
19820,DE,20258,81411,39,8332,3668,North DE,Urban,High,39.9,-75.7,#84bad5,#00b900,#ffaf00,#ff795c,#d799d7
19825,DE,20720,53651,34,8159,7649,North DE,Dense Urban,Medium,40.0,-75.75,#83b9d5,#00e600,#ffc100,#ff7a5d,#d192d1
19830,DE,37386,68184,37,15450,4596,North DE,Urban,Medium,40.1,-75.8,#4b90be,#00cf00,#ffb600,#ff4736,#d697d6
19835,DE,22448,86051,37,8586,4180,North DE,Urban,High,40.2,-75.85,#7db5d2,#00b200,#ffb600,#ff775b,#d698d6
19840,DE,28394,82254,39,10925,3792,North DE,Urban,High,40.3,-75.9,#69a6ca,#00b800,#ffaf00,#ff674e,#d799d7
19845,DE,24472,82268,35,10055,2548,North DE,Urban,High,40.4,-75.95,#76b0cf,#00b800,#ffbd00,#ff6d53,#d99bd9
19850,DE,38272,84373,38,14839,5723,North DE,Dense Urban,High,40.5,-75.5,#488ebd,#00b500,#ffb300,#ff4c3a,#d495d4
19855,DE,34570,75284,36,14381,7875,North DE,Dense Urban,High,40.6,-75.55,#5497c2,#00c300,#ffba00,#ff4f3c,#d191d1
19860,DE,15017,59999,38,6025,1671,North DE,Suburban,Medium,40.7,-75.6,#96c7dc,#00dc00,#ffb300,#ff8968,#da9dda
19865,DE,35279,78201,37,15206,6016,North DE,Dense Urban,High,40.8,-75.65,#5295c1,#00bf00,#ffb600,#ff4938,#d495d4
19870,DE,15105,54839,34,6559,1628,North DE,Suburban,Medium,40.9,-75.7,#95c7dc,#00e400,#ffc100,#ff8566,#da9dda
19875,DE,23493,59531,37,9551,6179,North DE,Dense Urban,Medium,41.0,-75.75,#79b2d1,#00dd00,#ffb600,#ff7156,#d394d3
19880,DE,11619,75252,39,4814,1601,North DE,Suburban,High,41.1,-75.8,#a1cfe1,#00c300,#ffaf00,#ff926f,#da9dda
19885,DE,37037,52162,40,13910,16171,North DE,Dense Urban,Medium,41.2,-75.85,#4c91be,#00e900,#ffac00,#ff523f,#c482c4
19890,DE,27015,80047,39,10930,2757,North DE,Urban,High,41.3,-75.9,#6daacc,#00bc00,#ffaf00,#ff674e,#d99bd9
19895,DE,17896,82508,37,7735,2178,North DE,Urban,High,41.4,-75.95,#8cc0d8,#00b800,#ffb600,#ff7d5f,#da9cda
19910,DE,12643,67892,37,5211,1817,North DE,Suburban,Medium,39.7,-75.6,#9ecddf,#00cf00,#ffb600,#ff8f6d,#da9dda
19915,DE,40682,83358,40,17620,8513,North DE,Dense Urban,High,39.8,-75.65,#4088b9,#00b600,#ffac00,#ff382b,#d090d0
19920,DE,17927,63918,41,6702,2806,North DE,Urban,Medium,39.9,-75.7,#8cc0d8,#00d600,#ffa900,#ff8465,#d99bd9
19925,DE,21929,74669,34,8779,4098,North DE,Urban,Medium,40.0,-75.75,#7fb6d3,#00c400,#ffc100,#ff765a,#d798d7
19930,DE,38228,86521,38,15133,5284,North DE,Dense Urban,High,40.1,-75.8,#488ebd,#00b100,#ffb300,#ff4a38,#d596d5
19930,DE,22961,66253,46,9323,708,South DE,Suburban,Medium,40.1,-75.8,#7bb3d1,#00d200,#ff9700,#ff7257,#dc9fdc
19935,DE,28322,81055,37,11608,6336,North DE,Dense Urban,High,40.2,-75.85,#69a6ca,#00ba00,#ffb600,#ff624b,#d394d3
19938,DE,23810,51852,42,10451,840,South DE,Suburban,Medium,40.26,-75.88,#78b1d0,#00e900,#ffa500,#ff6a51,#dc9edc
19940,DE,35000,81300,37,14186,16082,North DE,Dense Urban,High,40.3,-75.9,#5396c1,#00ba00,#ffb600,#ff503d,#c482c4
19945,DE,25352,71446,34,10102,2879,North DE,Urban,Medium,40.4,-75.95,#73aece,#00ca00,#ffc100,#ff6d53,#d89bd8
19946,DE,11411,69471,48,4693,342,South DE,Rural,Medium,40.42,-75.96,#a2d0e1,#00cd00,#ff9100,#ff9270,#dc9fdc
19950,DE,42316,58171,35,16811,11079,North DE,Dense Urban,Medium,40.5,-75.5,#3a84b7,#00df00,#ffbd00,#ff3e2f,#cc8bcc
19954,DE,12239,66038,47,5082,285,South DE,Rural,Medium,40.58,-75.54,#9fcee0,#00d200,#ff9400,#ff906d,#dc9fdc
19955,DE,31008,64485,35,12433,4491,North DE,Urban,Medium,40.6,-75.55,#60a0c7,#00d500,#ffbd00,#ff5c46,#d698d6
19960,DE,23140,66357,41,9696,7398,North DE,Dense Urban,Medium,40.7,-75.6,#7ab3d1,#00d200,#ffa900,#ff7055,#d192d1
19962,DE,11971,56531,41,5145,304,South DE,Rural,Medium,40.74,-75.62,#a0cee0,#00e200,#ffa900,#ff8f6d,#dc9fdc
19965,DE,10097,64722,38,3883,1135,North DE,Suburban,Medium,40.8,-75.65,#a6d3e3,#00d400,#ffb300,#ff9874,#db9edb
19970,DE,18535,82651,36,7462,2234,North DE,Urban,High,40.9,-75.7,#8abed7,#00b700,#ffba00,#ff7f61,#d99cd9
19970,DE,11530,45282,41,5084,416,South DE,Rural,Low,40.9,-75.7,#a1cfe1,#00f400,#ffa900,#ff906d,#dc9fdc
19975,DE,11727,62800,41,4814,1404,North DE,Suburban,Medium,41.0,-75.75,#a1cfe1,#00d800,#ffa900,#ff926f,#db9ddb
19978,DE,11629,64584,46,5114,583,South DE,Suburban,Medium,41.06,-75.78,#a1cfe1,#00d500,#ff9700,#ff8f6d,#dc9fdc
19980,DE,28708,61283,39,11034,8653,North DE,Dense Urban,Medium,41.1,-75.8,#68a5ca,#00da00,#ffaf00,#ff664e,#cf90cf
19985,DE,15774,82932,40,5948,4334,North DE,Urban,High,41.2,-75.85,#93c5db,#00b700,#ffac00,#ff8a69,#d698d6
19990,DE,24939,79624,41,9257,6166,North DE,Dense Urban,High,41.3,-75.9,#74afcf,#00bc00,#ffa900,#ff7357,#d394d3
19995,DE,39118,74263,39,16048,6093,North DE,Dense Urban,Medium,41.4,-75.95,#458cbc,#00c500,#ffaf00,#ff4333,#d395d3
07010,NJ,30795,119343,39,12949,4009,North NJ,Urban,Very High,40.9,-74.3,#61a0c7,#007c00,#ffaf00,#ff5944,#d798d7
07013,NJ,31850,86962,42,12911,14815,North NJ,Dense Urban,High,40.93,-74.33,#5d9ec5,#00b000,#ffa500,#ff5944,#c684c6
07016,NJ,31023,65769,42,11421,5413,North NJ,Dense Urban,Medium,40.959999999999994,-74.36,#60a0c7,#00d300,#ffa500,#ff644c,#d496d4
07019,NJ,17433,104188,35,7109,6500,North NJ,Dense Urban,Very High,40.989999999999995,-74.39,#8ec1d9,#009500,#ffbd00,#ff8263,#d394d3
07022,NJ,43693,92480,35,17051,28263,North NJ,Dense Urban,High,41.019999999999996,-74.42,#3681b5,#00a800,#ffbd00,#ff3c2e,#b16bb1
07025,NJ,33942,67747,37,13624,14103,North NJ,Dense Urban,Medium,41.05,-74.45,#5699c3,#00d000,#ffb600,#ff5440,#c786c7
07028,NJ,16267,76394,39,6247,3040,North NJ,Urban,High,41.08,-74.48,#91c4db,#00c200,#ffaf00,#ff8867,#d89ad8
07031,NJ,45740,86777,38,16506,10329,North NJ,Dense Urban,High,41.11,-74.51,#2f7cb3,#00b100,#ffb300,#ff4031,#cd8dcd
07034,NJ,23433,88897,39,9701,5850,North NJ,Dense Urban,High,41.14,-74.54,#79b2d1,#00ad00,#ffaf00,#ff7055,#d495d4
07037,NJ,38483,124900,42,16607,16780,North NJ,Dense Urban,Very High,41.169999999999995,-74.57000000000001,#478ebc,#007300,#ffa500,#ff3f30,#c381c3
07040,NJ,29541,66585,42,11032,7308,North NJ,Dense Urban,Medium,41.199999999999996,-74.60000000000001,#65a3c9,#00d100,#ffa500,#ff664e,#d292d2
07043,NJ,16021,78417,38,6696,3282,North NJ,Urban,High,41.23,-74.63000000000001,#92c4db,#00be00,#ffb300,#ff8465,#d89ad8
07046,NJ,21873,102065,38,8416,4944,North NJ,Urban,Very High,41.26,-74.66,#7fb6d3,#009800,#ffb300,#ff785c,#d597d5
07049,NJ,26534,90851,43,9542,12786,North NJ,Dense Urban,High,41.29,-74.69,#6fabcd,#00aa00,#ffa200,#ff7156,#c988c9
07052,NJ,39276,73529,39,15144,9754,North NJ,Dense Urban,Medium,41.32,-74.22,#448cbb,#00c600,#ffaf00,#ff4a38,#ce8ece
07055,NJ,36243,122836,43,14804,6655,North NJ,Dense Urban,Very High,41.349999999999994,-74.25,#4f93bf,#007600,#ffa200,#ff4c3a,#d393d3
07058,NJ,17568,67027,42,7629,2694,North NJ,Urban,Medium,41.379999999999995,-74.28,#8dc1d9,#00d100,#ffa500,#ff7e60,#d99bd9
07061,NJ,20258,98159,37,7516,7254,North NJ,Dense Urban,High,41.41,-74.31,#84bad5,#009e00,#ffb600,#ff7f61,#d292d2
07064,NJ,27666,91854,44,11733,13963,North NJ,Dense Urban,High,41.44,-74.34,#6ba8cb,#00a900,#ff9e00,#ff614a,#c786c7
07067,NJ,37662,78067,36,16042,5360,North NJ,Dense Urban,High,41.47,-74.37,#4a90be,#00bf00,#ffba00,#ff4333,#d596d5
07070,NJ,50222,123148,37,19348,8588,North NJ,Dense Urban,Very High,41.5,-74.4,#2071ad,#007600,#ffb600,#ff2c22,#d090d0
07073,NJ,25965,70056,37,11003,3573,North NJ,Urban,Medium,41.529999999999994,-74.43,#71accd,#00cc00,#ffb600,#ff664e,#d799d7
07076,NJ,28773,82412,44,11899,4099,North NJ,Urban,High,41.559999999999995,-74.46000000000001,#68a5ca,#00b800,#ff9e00,#ff6049,#d798d7
07079,NJ,40446,65206,44,17488,22943,North NJ,Dense Urban,Medium,41.589999999999996,-74.49000000000001,#4089ba,#00d400,#ff9e00,#ff392c,#b975b9
07082,NJ,37403,105342,41,14930,5055,North NJ,Dense Urban,Very High,41.62,-74.52,#4b90be,#009300,#ffa900,#ff4b39,#d596d5
07085,NJ,48827,81198,37,20510,6400,North NJ,Dense Urban,High,41.65,-74.55,#2474ae,#00ba00,#ffb600,#ff241b,#d394d3
07088,NJ,17693,111699,38,6442,3960,North NJ,Urban,Very High,41.68,-74.58,#8dc0d9,#008800,#ffb300,#ff8666,#d799d7
07091,NJ,36834,75230,43,14979,10208,North NJ,Dense Urban,High,41.709999999999994,-74.61,#4d92bf,#00c300,#ffa200,#ff4b39,#cd8dcd
07094,NJ,38776,66306,43,14313,11862,North NJ,Dense Urban,Medium,41.739999999999995,-74.64,#468dbc,#00d200,#ffa200,#ff4f3c,#cb8acb
07097,NJ,24474,86959,43,9626,15838,North NJ,Dense Urban,High,41.769999999999996,-74.67,#76b0cf,#00b000,#ffa200,#ff7055,#c482c4
07110,NJ,46968,65663,40,19493,20607,North NJ,Dense Urban,Medium,40.9,-74.3,#2b79b1,#00d300,#ffac00,#ff2b21,#bd79bd
07113,NJ,18304,116005,35,7541,4437,North NJ,Urban,Very High,40.93,-74.33,#8bbfd8,#008100,#ffbd00,#ff7f60,#d698d6
07116,NJ,32675,109417,37,13334,10417,North NJ,Dense Urban,Very High,40.959999999999994,-74.36,#5a9cc4,#008c00,#ffb600,#ff5642,#cd8ccd
07119,NJ,35080,114850,35,12581,4393,North NJ,Urban,Very High,40.989999999999995,-74.39,#5296c1,#008300,#ffbd00,#ff5b46,#d698d6
07122,NJ,15854,72392,35,6551,4787,North NJ,Urban,Medium,41.019999999999996,-74.42,#93c5db,#00c800,#ffbd00,#ff8566,#d597d5
07125,NJ,36556,103559,40,15099,7808,North NJ,Dense Urban,Very High,41.05,-74.45,#4d92bf,#009600,#ffac00,#ff4a38,#d191d1
07128,NJ,19931,109215,35,7481,9839,North NJ,Dense Urban,Very High,41.08,-74.48,#85bbd6,#008c00,#ffbd00,#ff7f61,#ce8ece
07131,NJ,17327,105545,40,6932,3802,North NJ,Urban,Very High,41.11,-74.51,#8ec1d9,#009200,#ffac00,#ff8364,#d799d7
07134,NJ,30087,92848,40,11362,4497,North NJ,Urban,High,41.14,-74.54,#63a2c8,#00a700,#ffac00,#ff644c,#d698d6
07137,NJ,41370,121250,38,17922,7746,North NJ,Dense Urban,Very High,41.169999999999995,-74.57000000000001,#3d87b9,#007900,#ffb300,#ff3629,#d191d1
07140,NJ,49754,76411,41,20842,7358,North NJ,Dense Urban,High,41.199999999999996,-74.60000000000001,#2172ad,#00c200,#ffa900,#ff221a,#d192d1
07143,NJ,34360,88078,36,12637,8412,North NJ,Dense Urban,High,41.23,-74.63000000000001,#5598c2,#00af00,#ffba00,#ff5b45,#d090d0
07146,NJ,16802,104384,36,6082,4520,North NJ,Urban,Very High,41.26,-74.66,#90c3da,#009400,#ffba00,#ff8968,#d697d6
07149,NJ,35445,81646,44,12699,5885,North NJ,Dense Urban,High,41.29,-74.69,#5195c1,#00b900,#ff9e00,#ff5b45,#d495d4
07152,NJ,31371,67049,35,13368,6346,North NJ,Dense Urban,Medium,41.32,-74.22,#5f9fc6,#00d100,#ffbd00,#ff5641,#d394d3
07155,NJ,35932,72158,43,14729,4886,North NJ,Urban,Medium,41.349999999999994,-74.25,#5094c0,#00c800,#ffa200,#ff4c3a,#d597d5
07158,NJ,30151,69499,42,12049,4305,North NJ,Urban,Medium,41.379999999999995,-74.28,#63a2c8,#00cd00,#ffa500,#ff5f48,#d698d6
07161,NJ,27183,115800,42,10095,3866,North NJ,Urban,Very High,41.41,-74.31,#6da9cc,#008200,#ffa500,#ff6d53,#d799d7
07164,NJ,17557,67200,36,7375,2306,North NJ,Urban,Medium,41.44,-74.34,#8dc1d9,#00d000,#ffba00,#ff8061,#d99cd9
07167,NJ,26969,115108,43,11293,4496,North NJ,Urban,Very High,41.47,-74.37,#6eaacc,#008300,#ffa200,#ff644c,#d698d6
07170,NJ,53467,90876,38,21531,17575,North NJ,Dense Urban,High,41.5,-74.4,#1569a8,#00aa00,#ffb300,#ff1d16,#c27fc2
07173,NJ,48986,109064,37,18710,8483,North NJ,Dense Urban,Very High,41.529999999999994,-74.43,#2474ae,#008d00,#ffb600,#ff3125,#d090d0
07176,NJ,32429,79373,40,12989,10508,North NJ,Dense Urban,High,41.559999999999995,-74.46000000000001,#5b9cc5,#00bd00,#ffac00,#ff5943,#cd8ccd
07179,NJ,25677,95746,36,10374,3474,North NJ,Urban,High,41.589999999999996,-74.49000000000001,#72adce,#00a200,#ffba00,#ff6b51,#d799d7
07182,NJ,47352,106919,35,19749,9019,North NJ,Dense Urban,Very High,41.62,-74.52,#2978b0,#009000,#ffbd00,#ff291f,#cf8fcf
07185,NJ,24007,102410,35,10339,7220,North NJ,Dense Urban,Very High,41.65,-74.55,#78b1d0,#009700,#ffbd00,#ff6b52,#d292d2
07188,NJ,33589,101212,40,13516,4361,North NJ,Urban,Very High,41.68,-74.58,#579ac3,#009900,#ffac00,#ff5541,#d698d6
07191,NJ,48828,96216,39,18880,6480,North NJ,Dense Urban,High,41.709999999999994,-74.61,#2474ae,#00a100,#ffaf00,#ff3024,#d394d3
07194,NJ,15699,65190,39,6553,2228,North NJ,Urban,Medium,41.739999999999995,-74.64,#93c5db,#00d400,#ffaf00,#ff8566,#d99cd9
07197,NJ,34778,99584,44,12563,13367,North NJ,Dense Urban,High,41.769999999999996,-74.67,#5397c1,#009c00,#ff9e00,#ff5c46,#c887c8
07210,NJ,15569,116885,42,6475,2063,North NJ,Urban,Very High,40.9,-74.3,#94c6dc,#008000,#ffa500,#ff8666,#da9cda
07213,NJ,19014,100777,44,6942,2396,North NJ,Urban,Very High,40.93,-74.33,#88bdd7,#009a00,#ff9e00,#ff8364,#d99bd9
07216,NJ,15784,105328,40,6365,2249,North NJ,Urban,Very High,40.959999999999994,-74.36,#93c5db,#009300,#ffac00,#ff8767,#d99cd9
07219,NJ,20801,103754,36,7609,3076,North NJ,Urban,Very High,40.989999999999995,-74.39,#82b9d4,#009500,#ffba00,#ff7e60,#d89ad8
07222,NJ,23716,117102,43,9072,11680,North NJ,Dense Urban,Very High,41.019999999999996,-74.42,#79b2d0,#008000,#ffa200,#ff7458,#cb8acb
07225,NJ,17368,105941,37,7034,8856,North NJ,Dense Urban,Very High,41.05,-74.45,#8ec1d9,#009200,#ffb600,#ff8263,#cf8fcf
07228,NJ,28403,120071,41,10774,5397,North NJ,Dense Urban,Very High,41.08,-74.48,#69a6ca,#007b00,#ffa900,#ff684f,#d596d5
07231,NJ,43312,115300,40,16687,17271,North NJ,Dense Urban,Very High,41.11,-74.51,#3782b6,#008300,#ffac00,#ff3f30,#c280c2
07234,NJ,46024,118006,40,17918,26408,North NJ,Dense Urban,Very High,41.14,-74.54,#2e7bb2,#007e00,#ffac00,#ff3629,#b46eb4
07237,NJ,42236,84508,39,16703,8629,North NJ,Dense Urban,High,41.169999999999995,-74.57000000000001,#3a84b7,#00b400,#ffaf00,#ff3f30,#d090d0
07240,NJ,15876,97093,37,6062,5744,North NJ,Dense Urban,High,41.199999999999996,-74.60000000000001,#93c5db,#00a000,#ffb600,#ff8968,#d495d4
07243,NJ,22987,102233,44,9338,9728,North NJ,Dense Urban,Very High,41.23,-74.63000000000001,#7bb3d1,#009800,#ff9e00,#ff7257,#ce8ece
07246,NJ,36136,79098,44,15447,8830,North NJ,Dense Urban,High,41.26,-74.66,#4f93c0,#00bd00,#ff9e00,#ff4736,#cf8fcf
07249,NJ,40316,70949,41,16035,14941,North NJ,Dense Urban,Medium,41.29,-74.69,#4189ba,#00ca00,#ffa900,#ff4333,#c684c6
07252,NJ,49699,66081,44,20897,11952,North NJ,Dense Urban,Medium,41.32,-74.22,#2172ad,#00d200,#ff9e00,#ff2119,#ca8aca
07255,NJ,22805,85056,42,8240,10807,North NJ,Dense Urban,High,41.349999999999994,-74.25,#7cb4d2,#00b400,#ffa500,#ff7a5d,#cc8ccc
07258,NJ,18343,94375,39,7039,3775,North NJ,Urban,High,41.379999999999995,-74.28,#8bbfd8,#00a400,#ffaf00,#ff8263,#d799d7
07261,NJ,23130,66679,37,8634,7436,North NJ,Dense Urban,Medium,41.41,-74.31,#7ab3d1,#00d100,#ffb600,#ff775b,#d192d1
07264,NJ,34128,74435,39,14540,9168,North NJ,Dense Urban,Medium,41.44,-74.34,#5698c2,#00c500,#ffaf00,#ff4e3b,#cf8fcf
07267,NJ,45445,94124,44,16946,5776,North NJ,Dense Urban,High,41.47,-74.37,#307db3,#00a500,#ff9e00,#ff3d2e,#d495d4
07270,NJ,44222,121573,39,17694,11789,North NJ,Dense Urban,Very High,41.5,-74.4,#3480b5,#007800,#ffaf00,#ff382a,#cb8acb
07273,NJ,38049,96843,36,15655,4961,North NJ,Urban,High,41.529999999999994,-74.43,#488fbd,#00a000,#ffba00,#ff4635,#d597d5
07276,NJ,38289,74823,35,14900,5059,North NJ,Dense Urban,Medium,41.559999999999995,-74.46000000000001,#488ebd,#00c400,#ffbd00,#ff4b39,#d596d5
07279,NJ,31364,116991,41,11314,12255,North NJ,Dense Urban,Very High,41.589999999999996,-74.49000000000001,#5f9fc6,#008000,#ffa900,#ff644c,#ca89ca
07282,NJ,40471,65851,42,15338,7180,North NJ,Dense Urban,Medium,41.62,-74.52,#4089ba,#00d300,#ffa500,#ff4837,#d293d2
07285,NJ,26938,69000,37,9939,4741,North NJ,Urban,Medium,41.65,-74.55,#6eaacc,#00ce00,#ffb600,#ff6e54,#d697d6
07288,NJ,53155,103304,42,19310,13256,North NJ,Dense Urban,Very High,41.68,-74.58,#166aa9,#009600,#ffa500,#ff2d22,#c887c8
07291,NJ,39107,85491,36,16860,11920,North NJ,Dense Urban,High,41.709999999999994,-74.61,#458cbc,#00b300,#ffba00,#ff3e2f,#ca8aca
07294,NJ,49850,93761,42,19998,13518,North NJ,Dense Urban,High,41.739999999999995,-74.64,#2172ad,#00a500,#ffa500,#ff281e,#c887c8
07297,NJ,30305,65417,37,12415,18352,North NJ,Dense Urban,Medium,41.769999999999996,-74.67,#62a2c8,#00d300,#ffb600,#ff5d46,#c07ec0
07310,NJ,18267,103513,42,6847,3042,North NJ,Urban,Very High,40.7,-74.5,#8bbfd8,#009600,#ffa500,#ff8364,#d89ad8
07313,NJ,38548,109425,39,14408,11564,North NJ,Dense Urban,Very High,40.730000000000004,-74.53,#478dbc,#008c00,#ffaf00,#ff4f3c,#cb8acb
07316,NJ,32506,102841,35,12092,7772,North NJ,Dense Urban,Very High,40.76,-74.56,#5b9cc5,#009700,#ffbd00,#ff5f48,#d191d1
07319,NJ,38190,109811,35,14466,5058,North NJ,Dense Urban,Very High,40.79,-74.59,#488ebd,#008b00,#ffbd00,#ff4e3c,#d596d5
07322,NJ,17914,111352,35,7017,8254,North NJ,Dense Urban,Very High,40.82,-74.62,#8cc0d8,#008900,#ffbd00,#ff8263,#d091d0
07325,NJ,15728,65698,37,6304,4392,North NJ,Urban,Medium,40.85,-74.65,#93c5db,#00d300,#ffb600,#ff8767,#d698d6
07328,NJ,31779,89466,43,12920,4110,North NJ,Urban,High,40.88,-74.68,#5d9ec6,#00ac00,#ffa200,#ff5944,#d798d7
07331,NJ,32101,97307,37,12605,5441,North NJ,Dense Urban,High,40.910000000000004,-74.71000000000001,#5c9dc5,#00a000,#ffb600,#ff5b45,#d496d4
07334,NJ,23335,121418,43,9055,5285,North NJ,Dense Urban,Very High,40.940000000000005,-74.74000000000001,#7ab3d1,#007900,#ffa200,#ff7458,#d596d5
07337,NJ,36972,66167,43,15687,5785,North NJ,Dense Urban,Medium,40.97,-74.77000000000001,#4c91be,#00d200,#ffa200,#ff4635,#d495d4
07340,NJ,39244,76174,44,15568,8325,North NJ,Dense Urban,High,41.0,-74.80000000000001,#448cbb,#00c200,#ff9e00,#ff4736,#d090d0
07343,NJ,53102,89394,36,19071,10518,North NJ,Dense Urban,High,41.03,-74.83000000000001,#166aa9,#00ad00,#ffba00,#ff2e23,#cd8ccd
07346,NJ,38625,72056,40,16491,5565,North NJ,Dense Urban,Medium,41.06,-74.86,#478dbc,#00c900,#ffac00,#ff4031,#d496d4
07349,NJ,54081,88322,44,22787,13260,North NJ,Dense Urban,High,41.09,-74.89,#1367a7,#00ae00,#ff9e00,#ff140f,#c887c8
07352,NJ,37556,91962,42,15100,18307,North NJ,Dense Urban,High,41.120000000000005,-74.42,#4a90be,#00a800,#ffa500,#ff4a38,#c17ec1
07355,NJ,41432,91256,41,14834,5736,North NJ,Dense Urban,High,41.15,-74.45,#3d86b8,#00aa00,#ffa900,#ff4c3a,#d495d4
07358,NJ,40731,88803,37,15149,10785,North NJ,Dense Urban,High,41.18,-74.48,#3f88b9,#00ad00,#ffb600,#ff4a38,#cc8ccc
07361,NJ,53069,90289,44,21527,8724,North NJ,Dense Urban,High,41.21,-74.51,#166aa9,#00ab00,#ff9e00,#ff1d16,#cf90cf
07364,NJ,30485,69748,36,12028,6483,North NJ,Dense Urban,Medium,41.24,-74.54,#62a1c7,#00cc00,#ffba00,#ff5f49,#d394d3
07367,NJ,45355,78116,43,16973,19959,North NJ,Dense Urban,High,41.27,-74.57000000000001,#307db3,#00bf00,#ffa200,#ff3d2e,#be7bbe
07370,NJ,54298,65504,35,23189,10260,North NJ,Dense Urban,Medium,41.300000000000004,-74.60000000000001,#1267a7,#00d300,#ffbd00,#ff110d,#cd8dcd
07373,NJ,32312,114285,44,14011,10940,North NJ,Dense Urban,Very High,41.33,-74.63000000000001,#5c9dc5,#008400,#ff9e00,#ff513e,#cc8bcc
07376,NJ,37700,85559,40,13647,21173,North NJ,Dense Urban,High,41.36,-74.66000000000001,#4a8fbd,#00b300,#ffac00,#ff5440,#bc78bc
07379,NJ,26003,90826,37,9337,13134,North NJ,Dense Urban,High,41.39,-74.69000000000001,#71accd,#00aa00,#ffb600,#ff7257,#c987c9
07382,NJ,21190,103413,35,8107,3789,North NJ,Urban,Very High,41.42,-74.72,#81b8d4,#009600,#ffbd00,#ff7b5d,#d799d7
07385,NJ,18330,89504,44,6604,2491,North NJ,Urban,High,41.45,-74.75,#8bbfd8,#00ac00,#ff9e00,#ff8565,#d99bd9
07388,NJ,36447,88959,39,14945,8967,North NJ,Dense Urban,High,41.480000000000004,-74.78,#4e93bf,#00ad00,#ffaf00,#ff4b39,#cf8fcf
07391,NJ,51487,96921,39,18472,13560,North NJ,Dense Urban,High,41.51,-74.81,#1b6eab,#00a000,#ffaf00,#ff3226,#c887c8
07394,NJ,35159,121254,35,14410,7907,North NJ,Dense Urban,Very High,41.54,-74.84,#5296c1,#007900,#ffbd00,#ff4f3c,#d191d1
07397,NJ,50547,92532,37,18643,15499,North NJ,Dense Urban,High,41.57,-74.87,#1f70ac,#00a700,#ffb600,#ff3125,#c583c5
07410,NJ,20713,69804,43,8255,4922,North NJ,Urban,Medium,40.7,-74.5,#83b9d5,#00cc00,#ffa200,#ff7a5d,#d597d5
07413,NJ,34255,121570,39,14808,4758,North NJ,Urban,Very High,40.730000000000004,-74.53,#5598c2,#007800,#ffaf00,#ff4c3a,#d697d6
07416,NJ,42712,111318,35,17164,9240,North NJ,Dense Urban,Very High,40.76,-74.56,#3983b7,#008900,#ffbd00,#ff3b2d,#cf8fcf
07419,NJ,38833,85309,35,14281,9767,North NJ,Dense Urban,High,40.79,-74.59,#468dbc,#00b300,#ffbd00,#ff503d,#ce8ece
07422,NJ,33017,73702,35,14312,18982,North NJ,Dense Urban,Medium,40.82,-74.62,#599bc4,#00c600,#ffbd00,#ff4f3c,#bf7cbf
07425,NJ,44189,97606,39,15791,7369,North NJ,Dense Urban,High,40.85,-74.65,#3480b5,#009f00,#ffaf00,#ff4535,#d192d1
07428,NJ,38574,75916,44,14156,5935,North NJ,Dense Urban,High,40.88,-74.68,#478dbc,#00c200,#ff9e00,#ff503d,#d495d4
07431,NJ,28456,120752,35,10246,9277,North NJ,Dense Urban,Very High,40.910000000000004,-74.71000000000001,#69a6ca,#007a00,#ffbd00,#ff6c52,#cf8fcf
07434,NJ,32100,69544,35,11984,11275,North NJ,Dense Urban,Medium,40.940000000000005,-74.74000000000001,#5c9dc5,#00cd00,#ffbd00,#ff6049,#cb8bcb
07437,NJ,41657,72239,41,15804,10882,North NJ,Dense Urban,Medium,40.97,-74.77000000000001,#3c86b8,#00c800,#ffa900,#ff4534,#cc8ccc
07440,NJ,43538,107944,40,15638,12437,North NJ,Dense Urban,Very High,41.0,-74.80000000000001,#3681b6,#008f00,#ffac00,#ff4635,#ca89ca
07443,NJ,39285,87928,41,14671,5910,North NJ,Dense Urban,High,41.03,-74.83000000000001,#448cbb,#00af00,#ffa900,#ff4d3a,#d495d4
07446,NJ,54764,91698,37,19902,9682,North NJ,Dense Urban,High,41.06,-74.86,#1066a6,#00a900,#ffb600,#ff281f,#ce8ece
07449,NJ,28051,107289,36,10713,3562,North NJ,Urban,Very High,41.09,-74.89,#6aa7cb,#009000,#ffba00,#ff6850,#d799d7
07452,NJ,40934,75209,38,15904,9424,North NJ,Dense Urban,High,41.120000000000005,-74.42,#3f88b9,#00c400,#ffb300,#ff4434,#ce8ece
07455,NJ,46703,69637,41,18230,6295,North NJ,Dense Urban,Medium,41.15,-74.45,#2b7ab1,#00cd00,#ffa900,#ff3428,#d394d3
07458,NJ,52660,120479,35,20682,21441,North NJ,Dense Urban,Very High,41.18,-74.48,#176ba9,#007a00,#ffbd00,#ff231b,#bc78bc
07461,NJ,34963,101932,36,13393,18110,North NJ,Dense Urban,Very High,41.21,-74.51,#5396c1,#009800,#ffba00,#ff5641,#c17ec1
07464,NJ,20569,101586,37,8007,5655,North NJ,Dense Urban,Very High,41.24,-74.54,#83b9d5,#009900,#ffb600,#ff7b5e,#d495d4
07467,NJ,39214,71238,40,14804,16813,North NJ,Dense Urban,Medium,41.27,-74.57000000000001,#458cbb,#00ca00,#ffac00,#ff4c3a,#c380c3
07470,NJ,33271,69188,36,12791,7263,North NJ,Dense Urban,Medium,41.300000000000004,-74.60000000000001,#589ac4,#00cd00,#ffba00,#ff5a44,#d292d2
07473,NJ,26314,86508,36,10787,14903,North NJ,Dense Urban,High,41.33,-74.63000000000001,#70abcd,#00b100,#ffba00,#ff684f,#c684c6
07476,NJ,51668,104749,35,20126,30273,North NJ,Dense Urban,Very High,41.36,-74.66000000000001,#1b6dab,#009400,#ffbd00,#ff271d,#ae67ae
07479,NJ,31907,116745,35,12504,11230,North NJ,Dense Urban,Very High,41.39,-74.69000000000001,#5d9ec5,#008000,#ffbd00,#ff5c46,#cb8bcb
07482,NJ,31282,75488,43,11831,17819,North NJ,Dense Urban,High,41.42,-74.72,#5f9fc6,#00c300,#ffa200,#ff614a,#c17fc1
07485,NJ,34262,69432,44,12531,8668,North NJ,Dense Urban,Medium,41.45,-74.75,#5598c2,#00cd00,#ff9e00,#ff5c46,#cf90cf
07488,NJ,29178,65302,42,11477,10809,North NJ,Dense Urban,Medium,41.480000000000004,-74.78,#66a4c9,#00d400,#ffa500,#ff634b,#cc8ccc
07491,NJ,43699,109247,36,16343,11210,North NJ,Dense Urban,Very High,41.51,-74.81,#3681b5,#008c00,#ffba00,#ff4132,#cc8bcc
07494,NJ,19621,70126,37,7141,7975,North NJ,Dense Urban,Medium,41.54,-74.84,#86bcd6,#00cc00,#ffb600,#ff8163,#d191d1
07497,NJ,34181,66531,36,13543,5363,North NJ,Dense Urban,Medium,41.57,-74.87,#5598c2,#00d200,#ffba00,#ff5540,#d596d5
07510,NJ,54650,111271,43,20478,13389,North NJ,Dense Urban,Very High,40.7,-74.5,#1166a7,#008900,#ffa200,#ff241c,#c887c8
07513,NJ,25267,116128,35,10502,15496,North NJ,Dense Urban,Very High,40.730000000000004,-74.53,#73aece,#008100,#ffbd00,#ff6a51,#c583c5
07516,NJ,19632,109243,43,7437,2693,North NJ,Urban,Very High,40.76,-74.56,#86bcd6,#008c00,#ffa200,#ff7f61,#d99bd9
07519,NJ,23258,123513,38,9054,4067,North NJ,Urban,Very High,40.79,-74.59,#7ab3d1,#007500,#ffb300,#ff7458,#d798d7
07522,NJ,29369,77199,35,11373,5730,North NJ,Dense Urban,High,40.82,-74.62,#66a4c9,#00c000,#ffbd00,#ff644c,#d495d4
07525,NJ,30913,84123,44,11872,9242,North NJ,Dense Urban,High,40.85,-74.65,#60a0c7,#00b500,#ff9e00,#ff6049,#cf8fcf
07528,NJ,25167,112045,39,9095,5311,North NJ,Dense Urban,Very High,40.88,-74.68,#74aece,#008800,#ffaf00,#ff7458,#d596d5
07531,NJ,42285,66605,41,16622,14263,North NJ,Dense Urban,Medium,40.910000000000004,-74.71000000000001,#3a84b7,#00d100,#ffa900,#ff3f30,#c785c7
07534,NJ,26613,75589,42,9683,9810,North NJ,Dense Urban,High,40.940000000000005,-74.74000000000001,#6fabcd,#00c300,#ffa500,#ff7055,#ce8ece
07537,NJ,28046,100358,42,10589,15278,North NJ,Dense Urban,Very High,40.97,-74.77000000000001,#6aa7cb,#009b00,#ffa500,#ff6950,#c583c5
07540,NJ,24111,121641,38,8658,10820,North NJ,Dense Urban,Very High,41.0,-74.80000000000001,#77b1d0,#007800,#ffb300,#ff775a,#cc8ccc
07543,NJ,37350,111685,42,14033,5483,North NJ,Dense Urban,Very High,41.03,-74.83000000000001,#4b90be,#008800,#ffa500,#ff513e,#d496d4
07546,NJ,53328,75954,42,21009,8643,North NJ,Dense Urban,High,41.06,-74.86,#1569a8,#00c200,#ffa500,#ff2119,#cf90cf
07549,NJ,37700,71469,44,15313,5798,North NJ,Dense Urban,Medium,41.09,-74.89,#4a8fbd,#00ca00,#ff9e00,#ff4837,#d495d4
07552,NJ,41386,110587,35,16135,14797,North NJ,Dense Urban,Very High,41.120000000000005,-74.42,#3d86b8,#008a00,#ffbd00,#ff4333,#c684c6
07555,NJ,17048,110375,40,6580,3117,North NJ,Urban,Very High,41.15,-74.45,#8fc2da,#008b00,#ffac00,#ff8566,#d89ad8
07558,NJ,35618,104756,37,15313,4712,North NJ,Urban,Very High,41.18,-74.48,#5195c0,#009400,#ffb600,#ff4837,#d697d6
07561,NJ,15009,74865,36,6098,2962,North NJ,Urban,Medium,41.21,-74.51,#96c7dc,#00c400,#ffba00,#ff8968,#d89ad8
07564,NJ,49387,108336,35,20941,15652,North NJ,Dense Urban,Very High,41.24,-74.54,#2273ae,#008e00,#ffbd00,#ff2119,#c583c5
07567,NJ,42534,91614,37,17189,9316,North NJ,Dense Urban,High,41.27,-74.57000000000001,#3984b7,#00a900,#ffb600,#ff3b2d,#ce8fce
07570,NJ,32988,65235,36,13965,4781,North NJ,Urban,Medium,41.300000000000004,-74.60000000000001,#599bc4,#00d400,#ffba00,#ff523e,#d597d5
07573,NJ,23567,84019,37,10100,2967,North NJ,Urban,High,41.33,-74.63000000000001,#79b2d1,#00b500,#ffb600,#ff6d53,#d89ad8
07576,NJ,20415,70951,42,7522,3297,North NJ,Urban,Medium,41.36,-74.66000000000001,#84bad5,#00ca00,#ffa500,#ff7f60,#d89ad8
07579,NJ,45523,86204,39,16814,17756,North NJ,Dense Urban,High,41.39,-74.69000000000001,#2f7cb3,#00b200,#ffaf00,#ff3e2f,#c17fc1
07582,NJ,38930,124965,38,15837,6927,North NJ,Dense Urban,Very High,41.42,-74.72,#468cbc,#007300,#ffb300,#ff4534,#d293d2
07585,NJ,32449,108303,42,12878,8010,North NJ,Dense Urban,Very High,41.45,-74.75,#5b9cc5,#008e00,#ffa500,#ff5944,#d091d0
07588,NJ,43173,72804,40,16799,5875,North NJ,Dense Urban,Medium,41.480000000000004,-74.78,#3782b6,#00c700,#ffac00,#ff3e2f,#d495d4
07591,NJ,52438,84096,35,19069,10998,North NJ,Dense Urban,High,41.51,-74.81,#186caa,#00b500,#ffbd00,#ff2e23,#cc8bcc
07594,NJ,33381,91727,37,12981,17268,North NJ,Dense Urban,High,41.54,-74.84,#589ac3,#00a900,#ffb600,#ff5943,#c280c2
07597,NJ,42202,89519,44,17809,7562,North NJ,Dense Urban,High,41.57,-74.87,#3b85b7,#00ac00,#ff9e00,#ff372a,#d192d1
07610,NJ,30374,70408,38,11372,4212,North NJ,Urban,Medium,40.4,-74.69999999999999,#62a1c7,#00cb00,#ffb300,#ff644c,#d698d6
07613,NJ,15922,75789,43,6483,2403,North NJ,Urban,High,40.43,-74.72999999999999,#93c5db,#00c300,#ffa200,#ff8666,#d99bd9
07616,NJ,47154,103141,38,18241,7442,North NJ,Dense Urban,Very High,40.459999999999994,-74.75999999999999,#2a78b1,#009600,#ffb300,#ff3428,#d192d1
07619,NJ,47265,116017,35,20100,10033,North NJ,Dense Urban,Very High,40.489999999999995,-74.78999999999999,#2a78b1,#008100,#ffbd00,#ff271e,#cd8dcd
07622,NJ,38710,71359,38,15492,9769,North NJ,Dense Urban,Medium,40.519999999999996,-74.82,#468dbc,#00ca00,#ffb300,#ff4736,#ce8ece
07625,NJ,50996,79382,38,19163,10180,North NJ,Dense Urban,High,40.55,-74.85,#1d6fab,#00bd00,#ffb300,#ff2e23,#cd8dcd
07628,NJ,35609,100442,37,13787,22547,North NJ,Dense Urban,Very High,40.58,-74.88,#5195c0,#009b00,#ffb600,#ff533f,#ba76ba
07631,NJ,48561,99884,38,20311,15481,North NJ,Dense Urban,High,40.61,-74.91,#2575af,#009c00,#ffb300,#ff261d,#c583c5
07634,NJ,29153,109165,42,11606,7823,North NJ,Dense Urban,Very High,40.64,-74.94,#66a4c9,#008d00,#ffa500,#ff624b,#d191d1
07637,NJ,25541,75457,42,10004,4646,North NJ,Urban,High,40.669999999999995,-74.97,#72adce,#00c300,#ffa500,#ff6d53,#d697d6
07640,NJ,32368,91215,38,11730,10229,North NJ,Dense Urban,High,40.699999999999996,-75.0,#5c9dc5,#00aa00,#ffb300,#ff614a,#cd8dcd
07643,NJ,53727,92632,44,23014,9370,North NJ,Dense Urban,High,40.73,-75.03,#1468a8,#00a700,#ff9e00,#ff130e,#ce8ece
07646,NJ,35530,109327,43,12860,5651,North NJ,Dense Urban,Very High,40.76,-75.05999999999999,#5195c0,#008c00,#ffa200,#ff5944,#d495d4
07649,NJ,28718,87116,39,12052,12495,North NJ,Dense Urban,High,40.79,-75.08999999999999,#68a5ca,#00b000,#ffaf00,#ff5f48,#ca89ca
07652,NJ,34256,118173,41,14192,9362,North NJ,Dense Urban,Very High,40.82,-74.61999999999999,#5598c2,#007e00,#ffa900,#ff503d,#ce8ece
07655,NJ,17708,74524,43,7369,4465,North NJ,Urban,Medium,40.849999999999994,-74.64999999999999,#8dc0d9,#00c500,#ffa200,#ff8061,#d698d6
07658,NJ,54224,78224,37,21697,35438,North NJ,Dense Urban,High,40.879999999999995,-74.67999999999999,#1267a7,#00bf00,#ffb600,#ff1c15,#a65ea6
07661,NJ,49393,73577,41,19969,6604,North NJ,Dense Urban,Medium,40.91,-74.71,#2273ae,#00c600,#ffa900,#ff281e,#d394d3
07664,NJ,51368,106914,37,21190,9663,North NJ,Dense Urban,Very High,40.94,-74.74,#1c6eab,#009000,#ffb600,#ff1f18,#ce8ece
07667,NJ,16990,84956,42,6918,6595,North NJ,Dense Urban,High,40.97,-74.77,#8fc2da,#00b400,#ffa500,#ff8364,#d394d3
07670,NJ,52148,69757,44,22608,9888,North NJ,Dense Urban,Medium,41.0,-74.8,#196caa,#00cc00,#ff9e00,#ff1610,#ce8dce
07673,NJ,53356,69944,38,21093,11004,North NJ,Dense Urban,Medium,41.029999999999994,-74.83,#1569a8,#00cc00,#ffb300,#ff2018,#cc8bcc
07676,NJ,52011,96195,42,20387,12398,North NJ,Dense Urban,High,41.059999999999995,-74.86,#1a6daa,#00a200,#ffa500,#ff251c,#ca89ca
07679,NJ,24984,106949,41,9940,7108,North NJ,Dense Urban,Very High,41.089999999999996,-74.89,#74afcf,#009000,#ffa900,#ff6e54,#d293d2
07682,NJ,48719,67079,35,21015,6639,North NJ,Dense Urban,Medium,41.12,-74.91999999999999,#2575af,#00d100,#ffbd00,#ff2119,#d394d3
07685,NJ,39861,88570,36,16289,5745,North NJ,Dense Urban,High,41.15,-74.94999999999999,#428abb,#00ae00,#ffba00,#ff4232,#d495d4
07688,NJ,53258,93865,40,21130,11977,North NJ,Dense Urban,High,41.18,-74.97999999999999,#156aa8,#00a500,#ffac00,#ff2018,#ca8aca
07691,NJ,41737,90522,38,17456,8822,North NJ,Dense Urban,High,41.209999999999994,-75.00999999999999,#3c86b8,#00ab00,#ffb300,#ff392c,#cf8fcf
07694,NJ,27342,78087,44,11227,3574,North NJ,Urban,High,41.239999999999995,-75.03999999999999,#6ca9cc,#00bf00,#ff9e00,#ff654d,#d799d7
07697,NJ,25093,112190,41,10551,5097,North NJ,Dense Urban,Very High,41.269999999999996,-75.07,#74aecf,#008800,#ffa900,#ff6a50,#d596d5
07710,NJ,34846,114984,43,14453,6025,North NJ,Dense Urban,Very High,40.4,-74.69999999999999,#5396c1,#008300,#ffa200,#ff4e3c,#d495d4
07713,NJ,45678,114148,42,19420,7785,North NJ,Dense Urban,Very High,40.43,-74.72999999999999,#2f7cb3,#008400,#ffa500,#ff2c21,#d191d1
07716,NJ,34694,104986,35,13455,6670,North NJ,Dense Urban,Very High,40.459999999999994,-74.75999999999999,#5497c2,#009300,#ffbd00,#ff5541,#d393d3
07719,NJ,28575,99911,42,10737,13313,North NJ,Dense Urban,High,40.489999999999995,-74.78999999999999,#68a6ca,#009c00,#ffa500,#ff684f,#c887c8
07722,NJ,33922,119771,39,14309,4372,North NJ,Urban,Very High,40.519999999999996,-74.82,#5699c3,#007b00,#ffaf00,#ff4f3c,#d698d6
07725,NJ,36389,82327,36,15776,10685,North NJ,Dense Urban,High,40.55,-74.85,#4e93bf,#00b800,#ffba00,#ff4535,#cc8ccc
07728,NJ,31032,118394,37,11974,10883,North NJ,Dense Urban,Very High,40.58,-74.88,#60a0c7,#007e00,#ffb600,#ff6049,#cc8ccc
07731,NJ,46419,107880,39,18786,7640,North NJ,Dense Urban,Very High,40.61,-74.91,#2c7ab2,#008f00,#ffaf00,#ff3025,#d192d1
07734,NJ,52609,94378,41,22704,7665,North NJ,Dense Urban,High,40.64,-74.94,#186ba9,#00a400,#ffa900,#ff1510,#d192d1
07737,NJ,29596,66279,43,11753,7905,North NJ,Dense Urban,Medium,40.669999999999995,-74.97,#65a3c8,#00d200,#ffa200,#ff614a,#d191d1
07740,NJ,22083,108861,42,9368,7545,North NJ,Dense Urban,Very High,40.699999999999996,-75.0,#7eb6d3,#008d00,#ffa500,#ff7257,#d192d1
07743,NJ,34063,113854,35,13398,4309,North NJ,Urban,Very High,40.73,-75.03,#5698c2,#008500,#ffbd00,#ff5641,#d698d6
07746,NJ,42856,100367,36,16377,13201,North NJ,Dense Urban,Very High,40.76,-75.05999999999999,#3883b7,#009b00,#ffba00,#ff4131,#c887c8
07749,NJ,38752,116693,38,16377,16107,North NJ,Dense Urban,Very High,40.79,-75.08999999999999,#468dbc,#008000,#ffb300,#ff4131,#c482c4
07752,NJ,26372,73996,40,9564,4400,North NJ,Urban,Medium,40.82,-74.61999999999999,#70abcd,#00c500,#ffac00,#ff7056,#d698d6
07755,NJ,41665,96653,36,16167,7940,North NJ,Dense Urban,High,40.849999999999994,-74.64999999999999,#3c86b8,#00a100,#ffba00,#ff4233,#d191d1
07758,NJ,46896,77875,41,19927,9907,North NJ,Dense Urban,High,40.879999999999995,-74.67999999999999,#2b79b1,#00bf00,#ffa900,#ff281f,#ce8dce
07761,NJ,31725,105760,40,11899,13275,North NJ,Dense Urban,Very High,40.91,-74.71,#5e9ec6,#009200,#ffac00,#ff6049,#c887c8
07764,NJ,45987,112924,41,17778,8189,North NJ,Dense Urban,Very High,40.94,-74.74,#2e7bb2,#008600,#ffa900,#ff372a,#d091d0
07767,NJ,26664,89027,44,10618,6315,North NJ,Dense Urban,High,40.97,-74.77,#6faacc,#00ad00,#ff9e00,#ff6950,#d394d3
07770,NJ,35609,115538,35,15208,13797,North NJ,Dense Urban,Very High,41.0,-74.8,#5195c0,#008200,#ffbd00,#ff4938,#c886c8
07773,NJ,26555,118276,39,9768,4078,North NJ,Urban,Very High,41.029999999999994,-74.83,#6fabcd,#007e00,#ffaf00,#ff6f55,#d798d7
07776,NJ,39063,89762,41,14994,5242,North NJ,Dense Urban,High,41.059999999999995,-74.86,#458cbc,#00ac00,#ffa900,#ff4b39,#d596d5
07779,NJ,43769,67711,40,18487,10732,North NJ,Dense Urban,Medium,41.089999999999996,-74.89,#3581b5,#00d000,#ffac00,#ff3226,#cc8ccc
07782,NJ,38863,105483,38,16322,13414,North NJ,Dense Urban,Very High,41.12,-74.91999999999999,#468dbc,#009200,#ffb300,#ff4132,#c887c8
07785,NJ,46987,121253,36,17991,25616,North NJ,Dense Urban,Very High,41.15,-74.94999999999999,#2a79b1,#007900,#ffba00,#ff3629,#b570b5
07788,NJ,16524,100111,35,6592,4419,North NJ,Urban,Very High,41.18,-74.97999999999999,#91c3da,#009b00,#ffbd00,#ff8565,#d698d6
07791,NJ,15060,120337,43,6214,2520,North NJ,Urban,Very High,41.209999999999994,-75.00999999999999,#96c7dc,#007a00,#ffa200,#ff8867,#d99bd9
07794,NJ,43145,106131,37,17710,6443,North NJ,Dense Urban,Very High,41.239999999999995,-75.03999999999999,#3782b6,#009100,#ffb600,#ff382a,#d394d3
07797,NJ,38393,91212,35,16210,17691,North NJ,Dense Urban,High,41.269999999999996,-75.07,#478ebd,#00aa00,#ffbd00,#ff4232,#c17fc1
07810,NJ,40470,75491,41,14056,5610,Central NJ,Dense Urban,High,39.9,-74.89999999999999,#4089ba,#00c300,#ffa900,#ff513e,#d495d4
07814,NJ,12338,66344,42,4466,1323,Central NJ,Suburban,Medium,39.94,-74.94,#9fcde0,#00d200,#ffa500,#ff9471,#db9ddb
07818,NJ,17319,66918,38,5984,3851,Central NJ,Urban,Medium,39.98,-74.98,#8ec1d9,#00d100,#ffb300,#ff8969,#d799d7
07822,NJ,39935,59806,36,16036,4409,Central NJ,Urban,Medium,40.019999999999996,-75.02,#428aba,#00dc00,#ffba00,#ff4333,#d698d6
07826,NJ,31541,92198,40,11405,2827,Central NJ,Urban,High,40.059999999999995,-75.06,#5e9fc6,#00a800,#ffac00,#ff644c,#d99bd9
07830,NJ,23122,72905,38,8050,2056,Central NJ,Urban,Medium,40.099999999999994,-75.1,#7bb3d1,#00c700,#ffb300,#ff7b5e,#da9cda
07834,NJ,18737,80510,38,7320,1982,Central NJ,Suburban,High,40.14,-75.14,#89bed7,#00bb00,#ffb300,#ff8062,#da9cda
07838,NJ,12614,64374,43,5015,5322,Central NJ,Dense Urban,Medium,40.18,-75.17999999999999,#9ecde0,#00d500,#ffa200,#ff906e,#d596d5
07842,NJ,42907,71514,40,16099,6300,Central NJ,Dense Urban,Medium,40.22,-75.22,#3883b6,#00c900,#ffac00,#ff4333,#d394d3
07846,NJ,43705,67651,42,17087,4726,Central NJ,Urban,Medium,40.26,-75.25999999999999,#3681b5,#00d000,#ffa500,#ff3c2e,#d697d6
07850,NJ,18640,70317,36,6731,2524,Central NJ,Urban,Medium,40.3,-74.8,#8abed7,#00cb00,#ffba00,#ff8465,#d99bd9
07854,NJ,40687,64323,41,15596,6491,Central NJ,Dense Urban,Medium,40.339999999999996,-74.84,#4088b9,#00d500,#ffa900,#ff4636,#d394d3
07858,NJ,12545,84430,40,4708,5669,Central NJ,Dense Urban,High,40.379999999999995,-74.88,#9ecde0,#00b500,#ffac00,#ff926f,#d495d4
07862,NJ,25919,94974,41,10064,2595,Central NJ,Urban,High,40.419999999999995,-74.92,#71accd,#00a400,#ffa900,#ff6d53,#d99bd9
07866,NJ,41629,63436,39,15340,14427,Central NJ,Dense Urban,Medium,40.459999999999994,-74.96,#3c86b8,#00d700,#ffaf00,#ff4837,#c785c7
07870,NJ,31895,65616,37,13040,6761,Central NJ,Dense Urban,Medium,40.5,-75.0,#5d9ec5,#00d300,#ffb600,#ff5843,#d293d2
07874,NJ,36574,67676,36,14517,5886,Central NJ,Dense Urban,Medium,40.54,-75.03999999999999,#4d92bf,#00d000,#ffba00,#ff4e3b,#d495d4
07878,NJ,14050,79951,41,4970,2105,Central NJ,Urban,High,40.58,-75.08,#99c9de,#00bc00,#ffa900,#ff916e,#da9cda
07882,NJ,44913,80280,40,15520,10357,Central NJ,Dense Urban,High,40.62,-75.11999999999999,#317eb4,#00bb00,#ffac00,#ff4736,#cd8dcd
07886,NJ,16494,78895,39,6573,2822,Central NJ,Urban,High,40.66,-75.16,#91c3da,#00be00,#ffaf00,#ff8566,#d99bd9
07890,NJ,13828,87123,41,4782,1401,Central NJ,Suburban,High,40.699999999999996,-75.2,#9acade,#00b000,#ffa900,#ff926f,#db9ddb
07894,NJ,41757,79262,39,17166,5133,Central NJ,Dense Urban,High,40.739999999999995,-75.24,#3c86b8,#00bd00,#ffaf00,#ff3b2d,#d596d5
07898,NJ,27934,91332,41,11105,6487,Central NJ,Dense Urban,High,40.779999999999994,-75.28,#6aa7cb,#00a900,#ffa900,#ff664d,#d394d3
07910,NJ,29320,69199,41,10469,7587,Central NJ,Dense Urban,Medium,39.9,-74.89999999999999,#66a4c9,#00cd00,#ffa900,#ff6a51,#d192d1
07914,NJ,20245,66362,39,6987,1731,Central NJ,Suburban,Medium,39.94,-74.94,#84bad5,#00d200,#ffaf00,#ff8263,#da9dda
07918,NJ,38172,73850,37,14428,8294,Central NJ,Dense Urban,Medium,39.98,-74.98,#488ebd,#00c600,#ffb600,#ff4f3c,#d090d0
07922,NJ,36578,62287,40,13707,3600,Central NJ,Urban,Medium,40.019999999999996,-75.02,#4d92bf,#00d800,#ffac00,#ff5440,#d799d7
07926,NJ,29764,73024,43,11751,10211,Central NJ,Dense Urban,Medium,40.059999999999995,-75.06,#64a3c8,#00c700,#ffa200,#ff614a,#cd8dcd
07930,NJ,44284,92784,37,15642,4067,Central NJ,Urban,High,40.099999999999994,-75.1,#347fb5,#00a700,#ffb600,#ff4635,#d798d7
07934,NJ,41192,70585,43,16305,7786,Central NJ,Dense Urban,Medium,40.14,-75.14,#3e87b9,#00cb00,#ffa200,#ff4132,#d191d1
07938,NJ,16133,58972,43,6092,3509,Central NJ,Urban,Medium,40.18,-75.17999999999999,#92c4db,#00de00,#ffa200,#ff8968,#d799d7
07942,NJ,41125,64903,40,14443,3538,Central NJ,Urban,Medium,40.22,-75.22,#3e87b9,#00d400,#ffac00,#ff4e3c,#d799d7
07946,NJ,33452,64516,43,12585,3182,Central NJ,Urban,Medium,40.26,-75.25999999999999,#589ac3,#00d500,#ffa200,#ff5b46,#d89ad8
07950,NJ,30546,56591,43,11152,2981,Central NJ,Urban,Medium,40.3,-74.8,#62a1c7,#00e200,#ffa200,#ff654d,#d89ad8
07954,NJ,38572,75695,38,13610,8259,Central NJ,Dense Urban,High,40.339999999999996,-74.84,#478dbc,#00c300,#ffb300,#ff5440,#d090d0
07958,NJ,14139,73088,40,5016,1345,Central NJ,Suburban,Medium,40.379999999999995,-74.88,#99c9dd,#00c700,#ffac00,#ff906e,#db9ddb
07962,NJ,44088,75670,38,15879,3901,Central NJ,Urban,High,40.419999999999995,-74.92,#3480b5,#00c300,#ffb300,#ff4434,#d799d7
07966,NJ,34534,64017,36,14302,3192,Central NJ,Urban,Medium,40.459999999999994,-74.96,#5497c2,#00d600,#ffba00,#ff4f3c,#d89ad8
07970,NJ,24713,77890,40,8916,7514,Central NJ,Dense Urban,High,40.5,-75.0,#75afcf,#00bf00,#ffac00,#ff7559,#d192d1
07974,NJ,38705,81588,39,16105,3802,Central NJ,Urban,High,40.54,-75.03999999999999,#468dbc,#00b900,#ffaf00,#ff4333,#d799d7
07978,NJ,33727,64882,36,12585,11871,Central NJ,Dense Urban,Medium,40.58,-75.08,#5799c3,#00d400,#ffba00,#ff5b46,#ca8aca
07982,NJ,43966,92311,43,15649,7623,Central NJ,Dense Urban,High,40.62,-75.11999999999999,#3580b5,#00a800,#ffa200,#ff4635,#d192d1
07986,NJ,13007,84257,36,4513,4237,Central NJ,Urban,High,40.66,-75.16,#9cccdf,#00b500,#ffba00,#ff9470,#d698d6
07990,NJ,13435,80821,40,5480,1613,Central NJ,Suburban,High,40.699999999999996,-75.2,#9bcbde,#00ba00,#ffac00,#ff8d6b,#da9dda
07994,NJ,25507,62491,38,10271,6824,Central NJ,Dense Urban,Medium,40.739999999999995,-75.24,#73adce,#00d800,#ffb300,#ff6c52,#d293d2
07998,NJ,26859,63073,41,10439,10046,Central NJ,Dense Urban,Medium,40.779999999999994,-75.28,#6eaacc,#00d700,#ffa900,#ff6a51,#cd8dcd
08010,NJ,32953,57353,41,11415,11996,Central NJ,Dense Urban,Medium,39.9,-74.89999999999999,#5a9bc4,#00e000,#ffa900,#ff644c,#ca89ca
08014,NJ,36860,80338,38,13666,5706,Central NJ,Dense Urban,High,39.94,-74.94,#4c92bf,#00bb00,#ffb300,#ff5440,#d495d4
08018,NJ,39083,62813,42,14779,17402,Central NJ,Dense Urban,Medium,39.98,-74.98,#458cbc,#00d800,#ffa500,#ff4c3a,#c27fc2
08022,NJ,39570,85678,37,15959,8744,Central NJ,Dense Urban,High,40.019999999999996,-75.02,#438bbb,#00b300,#ffb600,#ff4434,#cf90cf
08026,NJ,25025,69288,38,9530,2090,Central NJ,Urban,Medium,40.059999999999995,-75.06,#74aecf,#00cd00,#ffb300,#ff7156,#da9cda
08030,NJ,28422,90612,40,11149,3909,Central NJ,Urban,High,40.099999999999994,-75.1,#69a6ca,#00ab00,#ffac00,#ff654d,#d799d7
08034,NJ,25261,66722,38,8913,5873,Central NJ,Dense Urban,Medium,40.14,-75.14,#73aece,#00d100,#ffb300,#ff7559,#d495d4
08038,NJ,40087,94214,43,14171,6339,Central NJ,Dense Urban,High,40.18,-75.17999999999999,#428aba,#00a500,#ffa200,#ff503d,#d394d3
08042,NJ,44196,62424,37,15523,3732,Central NJ,Urban,Medium,40.22,-75.22,#3480b5,#00d800,#ffb600,#ff4736,#d799d7
08046,NJ,31982,81431,36,11732,3381,Central NJ,Urban,High,40.26,-75.25999999999999,#5d9dc5,#00b900,#ffba00,#ff614a,#d89ad8
08050,NJ,38385,73639,38,13309,3606,Central NJ,Urban,Medium,40.3,-74.8,#478ebd,#00c600,#ffb300,#ff5642,#d799d7
08054,NJ,17776,63711,42,6767,6105,Central NJ,Dense Urban,Medium,40.339999999999996,-74.84,#8cc0d9,#00d600,#ffa500,#ff8465,#d395d3
08058,NJ,32017,72343,39,13250,3331,Central NJ,Urban,Medium,40.379999999999995,-74.88,#5d9dc5,#00c800,#ffaf00,#ff5742,#d89ad8
08062,NJ,27251,58224,41,11083,2734,Central NJ,Urban,Medium,40.419999999999995,-74.92,#6da9cc,#00df00,#ffa900,#ff664e,#d99bd9
08066,NJ,23536,89531,36,9413,2915,Central NJ,Urban,High,40.459999999999994,-74.96,#79b2d1,#00ac00,#ffba00,#ff7256,#d89bd8
08070,NJ,21208,60109,40,8367,5877,Central NJ,Dense Urban,Medium,40.5,-75.0,#81b8d4,#00dc00,#ffac00,#ff795c,#d495d4
08074,NJ,28967,75172,36,12040,5675,Central NJ,Dense Urban,High,40.54,-75.03999999999999,#67a5c9,#00c400,#ffba00,#ff5f48,#d495d4
08078,NJ,38589,72773,42,14292,6512,Central NJ,Dense Urban,Medium,40.58,-75.08,#478dbc,#00c700,#ffa500,#ff503d,#d394d3
08082,NJ,38143,75581,36,15762,4450,Central NJ,Urban,High,40.62,-75.11999999999999,#488ebd,#00c300,#ffba00,#ff4535,#d698d6
08086,NJ,44981,64768,36,18349,4739,Central NJ,Urban,Medium,40.66,-75.16,#317eb4,#00d400,#ffba00,#ff3327,#d697d6
08090,NJ,20783,85811,39,8077,3045,Central NJ,Urban,High,40.699999999999996,-75.2,#82b9d4,#00b200,#ffaf00,#ff7b5e,#d89ad8
08094,NJ,21127,61368,36,7435,10071,Central NJ,Dense Urban,Medium,40.739999999999995,-75.24,#81b8d4,#00da00,#ffba00,#ff7f61,#cd8dcd
08098,NJ,30333,70525,42,12131,13007,Central NJ,Dense Urban,Medium,40.779999999999994,-75.28,#62a1c7,#00cb00,#ffa500,#ff5f48,#c988c9
08110,NJ,13592,56927,38,4993,843,South NJ,Suburban,Medium,39.9,-74.89999999999999,#9acade,#00e100,#ffb300,#ff906e,#dc9edc
08114,NJ,22437,59207,43,7952,4866,South NJ,Urban,Medium,39.94,-74.94,#7db5d2,#00dd00,#ffa200,#ff7c5e,#d597d5
08118,NJ,33537,70612,39,11270,2541,South NJ,Urban,Medium,39.98,-74.98,#589ac3,#00cb00,#ffaf00,#ff654d,#d99bd9
08122,NJ,18693,49177,38,6948,808,South NJ,Suburban,Low,40.019999999999996,-75.02,#89bed7,#00ee00,#ffb300,#ff8364,#dc9edc
08126,NJ,24353,75598,41,8893,1669,South NJ,Suburban,High,40.059999999999995,-75.06,#76b0d0,#00c300,#ffa900,#ff7559,#da9dda
08130,NJ,16234,64173,39,5680,818,South NJ,Suburban,Medium,40.099999999999994,-75.1,#92c4db,#00d500,#ffaf00,#ff8c6a,#dc9edc
08134,NJ,14570,81174,40,5819,4283,South NJ,Urban,High,40.14,-75.14,#97c8dd,#00ba00,#ffac00,#ff8b6a,#d698d6
08138,NJ,34414,56906,40,13601,7533,South NJ,Dense Urban,Medium,40.18,-75.17999999999999,#5598c2,#00e100,#ffac00,#ff5440,#d192d1
08142,NJ,21076,54012,41,8018,1556,South NJ,Suburban,Medium,40.22,-75.22,#81b8d4,#00e600,#ffa900,#ff7b5e,#da9dda
08146,NJ,11610,61467,40,4160,495,South NJ,Rural,Medium,40.26,-75.25999999999999,#a1cfe1,#00da00,#ffac00,#ff9672,#dc9fdc
08150,NJ,24489,60289,38,8194,1490,South NJ,Suburban,Medium,40.3,-74.8,#76b0cf,#00dc00,#ffb300,#ff7a5d,#db9ddb
08154,NJ,10137,82054,44,3460,1784,South NJ,Suburban,High,40.339999999999996,-74.84,#a6d3e3,#00b800,#ff9e00,#ff9b76,#da9dda
08158,NJ,15052,71486,45,5196,2131,South NJ,Urban,Medium,40.379999999999995,-74.88,#96c7dc,#00ca00,#ff9b00,#ff8f6d,#da9cda
08162,NJ,16636,72611,41,6067,1924,South NJ,Suburban,Medium,40.419999999999995,-74.92,#90c3da,#00c800,#ffa900,#ff8968,#da9cda
08166,NJ,9798,69675,45,3545,467,South NJ,Rural,Medium,40.459999999999994,-74.96,#a7d4e3,#00cc00,#ff9b00,#ff9a76,#dc9fdc
08170,NJ,19130,71669,42,6502,6258,South NJ,Dense Urban,Medium,40.5,-75.0,#88bdd7,#00c900,#ffa500,#ff8666,#d394d3
08174,NJ,27481,64393,45,10157,3585,South NJ,Urban,Medium,40.54,-75.03999999999999,#6ca8cb,#00d500,#ff9b00,#ff6c52,#d799d7
08178,NJ,17852,54295,45,6425,778,South NJ,Suburban,Medium,40.58,-75.08,#8cc0d8,#00e500,#ff9b00,#ff8666,#dc9fdc
08182,NJ,9316,84451,41,3285,965,South NJ,Suburban,High,40.62,-75.11999999999999,#a9d5e4,#00b500,#ffa900,#ff9c77,#db9edb
08186,NJ,31384,64035,39,11513,6151,South NJ,Dense Urban,Medium,40.66,-75.16,#5f9fc6,#00d600,#ffaf00,#ff634b,#d394d3
08190,NJ,34160,65633,38,13096,1778,South NJ,Suburban,Medium,40.699999999999996,-75.2,#5598c2,#00d300,#ffb300,#ff5843,#da9dda
08194,NJ,24336,50852,44,9305,3513,South NJ,Urban,Medium,40.739999999999995,-75.24,#76b0d0,#00eb00,#ff9e00,#ff7257,#d799d7
08198,NJ,15622,57160,43,5547,1039,South NJ,Suburban,Medium,40.779999999999994,-75.28,#94c5db,#00e100,#ffa200,#ff8c6b,#db9edb
08210,NJ,33016,81537,45,12855,2370,South NJ,Urban,High,39.9,-74.89999999999999,#599bc4,#00b900,#ff9b00,#ff5a44,#d99cd9
08214,NJ,34153,79910,38,11999,2749,South NJ,Urban,High,39.94,-74.94,#5698c2,#00bc00,#ffb300,#ff5f49,#d99bd9
08218,NJ,19543,65625,43,7006,3355,South NJ,Urban,Medium,39.98,-74.98,#86bcd6,#00d300,#ffa200,#ff8263,#d89ad8
08222,NJ,33766,60323,45,11962,1688,South NJ,Suburban,Medium,40.019999999999996,-75.02,#5799c3,#00dc00,#ff9b00,#ff6049,#da9dda
08226,NJ,15843,79367,38,6062,2193,South NJ,Urban,High,40.059999999999995,-75.06,#93c5db,#00bd00,#ffb300,#ff8968,#d99cd9
08230,NJ,10472,54704,41,4132,631,South NJ,Suburban,Medium,40.099999999999994,-75.1,#a5d2e2,#00e500,#ffa900,#ff9673,#dc9fdc
08234,NJ,18756,52255,42,7116,4132,South NJ,Urban,Medium,40.14,-75.14,#89bed7,#00e900,#ffa500,#ff8263,#d698d6
08238,NJ,9735,83196,39,3650,562,South NJ,Suburban,High,40.18,-75.17999999999999,#a7d4e3,#00b700,#ffaf00,#ff9a75,#dc9fdc
08242,NJ,13249,67201,43,4767,532,South NJ,Suburban,Medium,40.22,-75.22,#9ccbdf,#00d000,#ffa200,#ff926f,#dc9fdc
08246,NJ,34977,80007,43,12576,2728,South NJ,Urban,High,40.26,-75.25999999999999,#5396c1,#00bc00,#ffa200,#ff5b46,#d99bd9
08250,NJ,22788,58526,44,8763,3323,South NJ,Urban,Medium,40.3,-74.8,#7cb4d2,#00df00,#ff9e00,#ff765a,#d89ad8
08254,NJ,8207,71197,38,2819,683,South NJ,Suburban,Medium,40.339999999999996,-74.84,#add8e6,#00ca00,#ffb300,#ffa07a,#dc9fdc
08258,NJ,11083,68103,41,4048,1040,South NJ,Suburban,Medium,40.379999999999995,-74.88,#a3d0e2,#00cf00,#ffa900,#ff9773,#db9edb
08262,NJ,23901,77301,42,8331,2928,South NJ,Urban,High,40.419999999999995,-74.92,#78b1d0,#00c000,#ffa500,#ff795c,#d89ad8
08266,NJ,16555,64669,42,6501,1980,South NJ,Suburban,Medium,40.459999999999994,-74.96,#91c3da,#00d500,#ffa500,#ff8666,#da9cda
08270,NJ,30933,74342,45,12065,6235,South NJ,Dense Urban,Medium,40.5,-75.0,#60a0c7,#00c500,#ff9b00,#ff5f48,#d394d3
08274,NJ,19023,57715,39,7514,1344,South NJ,Suburban,Medium,40.54,-75.03999999999999,#88bdd7,#00e000,#ffaf00,#ff7f61,#db9ddb
08278,NJ,24163,70641,42,9015,2499,South NJ,Urban,Medium,40.58,-75.08,#77b1d0,#00cb00,#ffa500,#ff7459,#d99bd9
08282,NJ,24724,66880,40,8488,2328,South NJ,Urban,Medium,40.62,-75.11999999999999,#75afcf,#00d100,#ffac00,#ff785b,#d99cd9
08286,NJ,17917,84035,39,6496,1395,South NJ,Suburban,High,40.66,-75.16,#8cc0d8,#00b500,#ffaf00,#ff8666,#db9ddb
08290,NJ,25826,58382,43,9278,1272,South NJ,Suburban,Medium,40.699999999999996,-75.2,#71acce,#00df00,#ffa200,#ff7257,#db9edb
08294,NJ,32819,79982,38,12829,4325,South NJ,Urban,High,40.739999999999995,-75.24,#5a9bc4,#00bc00,#ffb300,#ff5a44,#d698d6
08298,NJ,33169,59421,45,11990,1972,South NJ,Suburban,Medium,40.779999999999994,-75.28,#599bc4,#00dd00,#ff9b00,#ff6049,#da9cda
08310,NJ,15629,76495,44,5892,753,South NJ,Suburban,High,39.9,-74.89999999999999,#94c5db,#00c100,#ff9e00,#ff8a69,#dc9fdc
08314,NJ,16264,72226,39,6311,1610,South NJ,Suburban,Medium,39.94,-74.94,#91c4db,#00c800,#ffaf00,#ff8767,#da9dda
08318,NJ,27362,76937,38,9815,2577,South NJ,Urban,High,39.98,-74.98,#6ca9cc,#00c100,#ffb300,#ff6f54,#d99bd9
08322,NJ,28643,79552,43,9712,1752,South NJ,Suburban,High,40.019999999999996,-75.02,#68a6ca,#00bc00,#ffa200,#ff6f55,#da9dda
08326,NJ,16429,59138,40,6086,2399,South NJ,Urban,Medium,40.059999999999995,-75.06,#91c3da,#00de00,#ffac00,#ff8968,#d99bd9
08330,NJ,25432,83732,39,9237,1440,South NJ,Suburban,High,40.099999999999994,-75.1,#73adce,#00b600,#ffaf00,#ff7357,#db9ddb
08334,NJ,21891,71563,45,8547,4599,South NJ,Urban,Medium,40.14,-75.14,#7fb6d3,#00c900,#ff9b00,#ff785b,#d697d6
08338,NJ,19916,76179,39,7547,843,South NJ,Suburban,High,40.18,-75.17999999999999,#85bbd6,#00c200,#ffaf00,#ff7f60,#dc9edc
08342,NJ,10494,66268,40,3734,613,South NJ,Suburban,Medium,40.22,-75.22,#a5d2e2,#00d200,#ffac00,#ff9975,#dc9fdc
08346,NJ,13179,54430,40,4736,1195,South NJ,Suburban,Medium,40.26,-75.25999999999999,#9ccbdf,#00e500,#ffac00,#ff926f,#db9edb
08350,NJ,18145,84618,39,7175,1383,South NJ,Suburban,High,40.3,-74.8,#8bbfd8,#00b400,#ffaf00,#ff8162,#db9ddb
08354,NJ,29559,77794,42,11543,3097,South NJ,Urban,High,40.339999999999996,-74.84,#65a3c9,#00bf00,#ffa500,#ff634b,#d89ad8
08358,NJ,17074,71291,38,6198,2470,South NJ,Urban,Medium,40.379999999999995,-74.88,#8fc2d9,#00ca00,#ffb300,#ff8868,#d99bd9
08362,NJ,9638,49382,41,3632,1199,South NJ,Suburban,Low,40.419999999999995,-74.92,#a8d4e4,#00ed00,#ffa900,#ff9a75,#db9edb
08366,NJ,17011,63422,42,5779,976,South NJ,Suburban,Medium,40.459999999999994,-74.96,#8fc2da,#00d700,#ffa500,#ff8b6a,#db9edb
08370,NJ,13693,62818,44,4956,787,South NJ,Suburban,Medium,40.5,-75.0,#9acade,#00d800,#ff9e00,#ff916e,#dc9edc
08374,NJ,9549,58837,42,3811,1385,South NJ,Suburban,Medium,40.54,-75.03999999999999,#a8d4e4,#00de00,#ffa500,#ff9974,#db9ddb
08378,NJ,12481,54548,43,4310,2099,South NJ,Urban,Medium,40.58,-75.08,#9ecde0,#00e500,#ffa200,#ff9572,#da9cda
08382,NJ,18900,53542,42,7248,958,South NJ,Suburban,Medium,40.62,-75.11999999999999,#89bdd7,#00e700,#ffa500,#ff8162,#db9edb
08386,NJ,30740,64052,39,12139,1439,South NJ,Suburban,Medium,40.66,-75.16,#61a0c7,#00d600,#ffaf00,#ff5f48,#db9ddb
08390,NJ,8671,52795,40,3179,631,South NJ,Suburban,Medium,40.699999999999996,-75.2,#abd6e5,#00e800,#ffac00,#ff9d78,#dc9fdc
08394,NJ,26739,77300,39,10430,3020,South NJ,Urban,High,40.739999999999995,-75.24,#6eaacc,#00c000,#ffaf00,#ff6a51,#d89ad8
08398,NJ,33121,76411,39,12096,3265,South NJ,Urban,High,40.779999999999994,-75.28,#599bc4,#00c200,#ffaf00,#ff5f48,#d89ad8
08410,NJ,22056,78620,43,8180,1335,South NJ,Suburban,High,39.9,-74.89999999999999,#7eb6d3,#00be00,#ffa200,#ff7a5d,#db9ddb
08414,NJ,18636,78911,38,6586,3143,South NJ,Urban,High,39.94,-74.94,#8abed7,#00be00,#ffb300,#ff8565,#d89ad8
08418,NJ,33000,51631,42,12501,1819,South NJ,Suburban,Medium,39.98,-74.98,#599bc4,#00ea00,#ffa500,#ff5c46,#da9dda
08422,NJ,32817,73364,41,11643,8534,South NJ,Dense Urban,Medium,40.019999999999996,-75.02,#5a9bc4,#00c600,#ffa900,#ff624b,#d090d0
08426,NJ,25159,71472,44,8543,1108,South NJ,Suburban,Medium,40.059999999999995,-75.06,#74aecf,#00ca00,#ff9e00,#ff785b,#db9edb
08430,NJ,28310,79186,42,9868,1965,South NJ,Suburban,High,40.099999999999994,-75.1,#69a6ca,#00bd00,#ffa500,#ff6e54,#da9cda
08434,NJ,30614,52940,45,12041,1704,South NJ,Suburban,Medium,40.14,-75.14,#61a1c7,#00e800,#ff9b00,#ff5f48,#da9dda
08438,NJ,11456,72034,45,4550,2498,South NJ,Urban,Medium,40.18,-75.17999999999999,#a2d0e1,#00c900,#ff9b00,#ff9370,#d99bd9
08442,NJ,24531,58142,43,8188,1275,South NJ,Suburban,Medium,40.22,-75.22,#76b0cf,#00df00,#ffa200,#ff7a5d,#db9edb
08446,NJ,12531,76138,39,4915,625,South NJ,Suburban,High,40.26,-75.25999999999999,#9ecde0,#00c200,#ffaf00,#ff916e,#dc9fdc
08450,NJ,14493,58759,45,5343,681,South NJ,Suburban,Medium,40.3,-74.8,#97c8dd,#00de00,#ff9b00,#ff8e6c,#dc9fdc
08454,NJ,21279,71888,44,7359,1485,South NJ,Suburban,Medium,40.339999999999996,-74.84,#81b8d4,#00c900,#ff9e00,#ff8061,#db9ddb
08458,NJ,32935,79182,39,13146,1967,South NJ,Suburban,High,40.379999999999995,-74.88,#5a9bc4,#00bd00,#ffaf00,#ff5743,#da9cda
08462,NJ,26211,74189,38,9288,1585,South NJ,Suburban,Medium,40.419999999999995,-74.92,#70accd,#00c500,#ffb300,#ff7257,#da9dda
08466,NJ,32953,54910,39,12383,2437,South NJ,Urban,Medium,40.459999999999994,-74.96,#5a9bc4,#00e400,#ffaf00,#ff5d47,#d99bd9
08470,NJ,28131,69991,39,10043,2979,South NJ,Urban,Medium,40.5,-75.0,#6aa7ca,#00cc00,#ffaf00,#ff6d53,#d89ad8
08474,NJ,17908,51983,45,6376,770,South NJ,Suburban,Medium,40.54,-75.03999999999999,#8cc0d8,#00e900,#ff9b00,#ff8767,#dc9fdc
08478,NJ,33098,71953,44,12992,8353,South NJ,Dense Urban,Medium,40.58,-75.08,#599bc4,#00c900,#ff9e00,#ff5943,#d090d0
08482,NJ,12583,59889,43,4771,1006,South NJ,Suburban,Medium,40.62,-75.11999999999999,#9ecde0,#00dc00,#ffa200,#ff926f,#db9edb
08486,NJ,22291,75935,40,7573,3929,South NJ,Urban,High,40.66,-75.16,#7db5d2,#00c200,#ffac00,#ff7e60,#d799d7
08490,NJ,31415,78841,45,11816,1265,South NJ,Suburban,High,40.699999999999996,-75.2,#5f9fc6,#00be00,#ff9b00,#ff614a,#db9edb
08494,NJ,24422,82964,42,9355,1129,South NJ,Suburban,High,40.739999999999995,-75.24,#76b0d0,#00b700,#ffa500,#ff7257,#db9edb
08498,NJ,23997,71911,43,8308,1114,South NJ,Suburban,Medium,40.779999999999994,-75.28,#78b1d0,#00c900,#ffa200,#ff795c,#db9edb
08810,NJ,22361,58041,37,9002,2234,Central NJ,Urban,Medium,39.9,-74.89999999999999,#7db5d2,#00df00,#ffb600,#ff7459,#d99cd9
08814,NJ,18090,56925,36,6307,5579,Central NJ,Dense Urban,Medium,39.94,-74.94,#8bbfd8,#00e100,#ffba00,#ff8767,#d496d4
08818,NJ,38015,80291,43,13228,7620,Central NJ,Dense Urban,High,39.98,-74.98,#498fbd,#00bb00,#ffa200,#ff5742,#d192d1
08822,NJ,15389,79826,42,6306,1564,Central NJ,Suburban,High,40.019999999999996,-75.02,#94c6dc,#00bc00,#ffa500,#ff8767,#da9dda
08826,NJ,44975,82961,41,17125,6015,Central NJ,Dense Urban,High,40.059999999999995,-75.06,#317eb4,#00b700,#ffa900,#ff3c2d,#d495d4
08830,NJ,33288,91877,38,12050,9145,Central NJ,Dense Urban,High,40.099999999999994,-75.1,#589ac3,#00a900,#ffb300,#ff5f48,#cf8fcf
08834,NJ,19179,56560,40,7082,4289,Central NJ,Urban,Medium,40.14,-75.14,#88bdd7,#00e200,#ffac00,#ff8263,#d698d6
08838,NJ,43890,59780,43,15476,3732,Central NJ,Urban,Medium,40.18,-75.17999999999999,#3580b5,#00dc00,#ffa200,#ff4736,#d799d7
08842,NJ,14356,79363,37,5955,1671,Central NJ,Suburban,High,40.22,-75.22,#98c8dd,#00bd00,#ffb600,#ff8a69,#da9dda
08846,NJ,28082,57920,38,10304,6554,Central NJ,Dense Urban,Medium,40.26,-75.25999999999999,#6aa7cb,#00e000,#ffb300,#ff6b52,#d394d3
08850,NJ,26025,94004,41,10774,4314,Central NJ,Urban,High,40.3,-74.8,#71accd,#00a500,#ffa900,#ff684f,#d698d6
08854,NJ,42027,55956,43,16085,11231,Central NJ,Dense Urban,Medium,40.339999999999996,-74.84,#3b85b8,#00e300,#ffa200,#ff4333,#cb8bcb
08858,NJ,24803,91221,39,9351,2651,Central NJ,Urban,High,40.379999999999995,-74.88,#75afcf,#00aa00,#ffaf00,#ff7257,#d99bd9
08862,NJ,27282,61563,37,9875,3503,Central NJ,Urban,Medium,40.419999999999995,-74.92,#6da9cc,#00da00,#ffb600,#ff6e54,#d799d7
08866,NJ,34015,81958,37,12163,4219,Central NJ,Urban,High,40.459999999999994,-74.96,#5698c2,#00b900,#ffb600,#ff5e48,#d698d6
08870,NJ,24201,76116,39,9337,2030,Central NJ,Urban,High,40.5,-75.0,#77b0d0,#00c200,#ffaf00,#ff7257,#da9cda
08874,NJ,31342,74975,39,10979,7191,Central NJ,Dense Urban,Medium,40.54,-75.03999999999999,#5f9fc6,#00c400,#ffaf00,#ff674e,#d292d2
08878,NJ,23561,77861,37,9460,5384,Central NJ,Dense Urban,High,40.58,-75.08,#79b2d1,#00bf00,#ffb600,#ff7156,#d596d5
08882,NJ,16648,85523,40,6347,3722,Central NJ,Urban,High,40.62,-75.11999999999999,#90c3da,#00b300,#ffac00,#ff8767,#d799d7
08886,NJ,16599,90923,37,6781,2129,Central NJ,Urban,High,40.66,-75.16,#90c3da,#00aa00,#ffb600,#ff8464,#da9cda
08890,NJ,38616,68760,43,14305,6446,Central NJ,Dense Urban,Medium,40.699999999999996,-75.2,#478dbc,#00ce00,#ffa200,#ff4f3c,#d394d3
08894,NJ,44419,91142,42,17640,3797,Central NJ,Urban,High,40.739999999999995,-75.24,#337fb4,#00aa00,#ffa500,#ff382b,#d799d7
08898,NJ,28653,60724,37,10477,5397,Central NJ,Dense Urban,Medium,40.779999999999994,-75.28,#68a6ca,#00db00,#ffb600,#ff6a51,#d596d5
08910,NJ,31816,93663,38,11069,5043,Central NJ,Dense Urban,High,39.9,-74.89999999999999,#5d9ec5,#00a600,#ffb300,#ff664e,#d597d5
08914,NJ,28959,74576,38,10461,5178,Central NJ,Dense Urban,Medium,39.94,-74.94,#67a5c9,#00c500,#ffb300,#ff6a51,#d596d5
08918,NJ,18116,81928,36,6581,2469,Central NJ,Urban,High,39.98,-74.98,#8bbfd8,#00b900,#ffba00,#ff8565,#d99bd9
08922,NJ,26135,56742,41,10441,3327,Central NJ,Urban,Medium,40.019999999999996,-75.02,#70accd,#00e100,#ffa900,#ff6a51,#d89ad8
08926,NJ,32337,55968,42,12854,2724,Central NJ,Urban,Medium,40.059999999999995,-75.06,#5c9dc5,#00e300,#ffa500,#ff5a44,#d99bd9
08930,NJ,12281,94030,38,4676,5131,Central NJ,Dense Urban,High,40.099999999999994,-75.1,#9fcee0,#00a500,#ffb300,#ff9370,#d596d5
08934,NJ,40404,84856,36,15007,14002,Central NJ,Dense Urban,High,40.14,-75.14,#4189ba,#00b400,#ffba00,#ff4b39,#c786c7
08938,NJ,37611,90057,43,13711,10797,Central NJ,Dense Urban,High,40.18,-75.17999999999999,#4a90be,#00ab00,#ffa200,#ff5440,#cc8ccc
08942,NJ,12125,78857,40,4278,1052,Central NJ,Suburban,High,40.22,-75.22,#9fcee0,#00be00,#ffac00,#ff9572,#db9edb
08946,NJ,18638,64110,39,6990,2582,Central NJ,Urban,Medium,40.26,-75.25999999999999,#8abed7,#00d500,#ffaf00,#ff8263,#d99bd9
08950,NJ,34911,67595,43,12164,10492,Central NJ,Dense Urban,Medium,40.3,-74.8,#5396c1,#00d000,#ffa200,#ff5e48,#cd8ccd
08954,NJ,29275,65225,40,11963,3351,Central NJ,Urban,Medium,40.339999999999996,-74.84,#66a4c9,#00d400,#ffac00,#ff6049,#d89ad8
08958,NJ,35196,92380,42,14143,5467,Central NJ,Dense Urban,High,40.379999999999995,-74.88,#5296c1,#00a800,#ffa500,#ff513d,#d496d4
08962,NJ,27577,83625,36,9794,4801,Central NJ,Urban,High,40.419999999999995,-74.92,#6ca8cb,#00b600,#ffba00,#ff6f54,#d597d5
08966,NJ,12302,84259,38,4293,1596,Central NJ,Suburban,High,40.459999999999994,-74.96,#9fcee0,#00b500,#ffb300,#ff9572,#da9dda
08970,NJ,42659,86890,42,15629,4866,Central NJ,Urban,High,40.5,-75.0,#3983b7,#00b100,#ffa500,#ff4635,#d597d5
08974,NJ,31508,81984,37,12239,3634,Central NJ,Urban,High,40.54,-75.03999999999999,#5e9fc6,#00b900,#ffb600,#ff5e47,#d799d7
08978,NJ,16033,60704,36,6158,1336,Central NJ,Suburban,Medium,40.58,-75.08,#92c4db,#00db00,#ffba00,#ff8868,#db9ddb
08982,NJ,18924,74614,36,7709,1926,Central NJ,Suburban,Medium,40.62,-75.11999999999999,#89bdd7,#00c400,#ffba00,#ff7d60,#da9cda
08986,NJ,41165,59114,41,14440,3656,Central NJ,Urban,Medium,40.66,-75.16,#3e87b9,#00de00,#ffa900,#ff4e3c,#d799d7
08990,NJ,43116,80426,40,15349,4321,Central NJ,Urban,High,40.699999999999996,-75.2,#3782b6,#00bb00,#ffac00,#ff4837,#d698d6
08994,NJ,13367,81200,40,5216,2690,Central NJ,Urban,High,40.739999999999995,-75.24,#9bcbdf,#00ba00,#ffac00,#ff8f6d,#d99bd9
08998,NJ,39723,89958,40,15335,4905,Central NJ,Urban,High,40.779999999999994,-75.28,#438bbb,#00ac00,#ffac00,#ff4837,#d597d5
18010,PA,37393,57437,40,13469,4346,Lehigh Valley,Urban,Medium,40.68,-75.48,#4b90be,#00e000,#ffac00,#ff5541,#d698d6
18015,PA,34335,62818,36,13495,5052,Lehigh Valley,Dense Urban,Medium,40.72,-75.52000000000001,#5598c2,#00d800,#ffba00,#ff5541,#d596d5
18020,PA,32616,59523,39,12010,2487,Lehigh Valley,Urban,Medium,40.76,-75.56,#5b9cc4,#00dd00,#ffaf00,#ff5f49,#d99bd9
18025,PA,27246,80682,36,10680,1903,Lehigh Valley,Suburban,High,40.800000000000004,-75.60000000000001,#6da9cc,#00bb00,#ffba00,#ff6950,#da9cda
18030,PA,27927,66684,36,10440,1916,Lehigh Valley,Suburban,Medium,40.84,-75.64,#6aa7cb,#00d100,#ffba00,#ff6a51,#da9cda
18035,PA,18361,67091,38,6706,1878,Lehigh Valley,Suburban,Medium,40.88,-75.68,#8abfd8,#00d100,#ffb300,#ff8465,#da9cda
18040,PA,35478,83694,40,13212,11623,Lehigh Valley,Dense Urban,High,40.92,-75.72,#5195c1,#00b600,#ffac00,#ff5742,#cb8acb
18045,PA,27372,74991,39,11163,5270,Lehigh Valley,Dense Urban,Medium,40.96,-75.76,#6ca9cc,#00c400,#ffaf00,#ff654d,#d596d5
18050,PA,24718,60832,40,9543,1725,Lehigh Valley,Suburban,Medium,41.0,-75.4,#75afcf,#00db00,#ffac00,#ff7156,#da9dda
18055,PA,17842,82433,36,7013,1662,Lehigh Valley,Suburban,High,41.04,-75.44000000000001,#8cc0d8,#00b800,#ffba00,#ff8263,#da9dda
18060,PA,33807,80599,36,13050,4435,Lehigh Valley,Urban,High,41.08,-75.48,#5799c3,#00bb00,#ffba00,#ff5843,#d698d6
18065,PA,13519,61093,38,5305,2455,Lehigh Valley,Urban,Medium,41.120000000000005,-75.52000000000001,#9bcbde,#00da00,#ffb300,#ff8e6c,#d99bd9
18070,PA,21083,68324,37,8044,1584,Lehigh Valley,Suburban,Medium,41.160000000000004,-75.56,#81b8d4,#00cf00,#ffb600,#ff7b5e,#da9dda
18075,PA,25411,70887,36,9542,1924,Lehigh Valley,Suburban,Medium,41.2,-75.60000000000001,#73adce,#00cb00,#ffba00,#ff7156,#da9cda
18080,PA,32277,73400,39,12083,2379,Lehigh Valley,Urban,Medium,41.24,-75.64,#5c9dc5,#00c600,#ffaf00,#ff5f48,#d99cd9
18085,PA,21388,75360,42,8728,6233,Lehigh Valley,Dense Urban,High,41.28,-75.68,#80b7d4,#00c300,#ffa500,#ff765a,#d394d3
18090,PA,35554,71363,39,13898,5238,Lehigh Valley,Dense Urban,Medium,41.32,-75.72,#5195c0,#00ca00,#ffaf00,#ff523f,#d596d5
18095,PA,26823,76568,39,11019,3112,Lehigh Valley,Urban,High,41.36,-75.76,#6eaacc,#00c100,#ffaf00,#ff664e,#d89ad8
18110,PA,12234,62480,36,5004,1650,Lehigh Valley,Suburban,Medium,40.68,-75.48,#9fcee0,#00d800,#ffba00,#ff906e,#da9dda
18115,PA,13673,79366,40,5110,1435,Lehigh Valley,Suburban,High,40.72,-75.52000000000001,#9acade,#00bd00,#ffac00,#ff906d,#db9ddb
18120,PA,32132,58841,41,11972,2306,Lehigh Valley,Urban,Medium,40.76,-75.56,#5c9dc5,#00de00,#ffa900,#ff6049,#d99cd9
18125,PA,16493,79472,38,6438,2071,Lehigh Valley,Urban,High,40.800000000000004,-75.60000000000001,#91c3da,#00bd00,#ffb300,#ff8666,#da9cda
18130,PA,14064,76363,40,5439,1013,Lehigh Valley,Suburban,High,40.84,-75.64,#99c9de,#00c200,#ffac00,#ff8d6c,#db9edb
18135,PA,37315,70193,41,13795,10661,Lehigh Valley,Dense Urban,Medium,40.88,-75.68,#4b90be,#00cc00,#ffa900,#ff533f,#cc8ccc
18140,PA,16214,66950,36,6215,1319,Lehigh Valley,Suburban,Medium,40.92,-75.72,#92c4db,#00d100,#ffba00,#ff8867,#db9ddb
18145,PA,14745,66956,37,5444,1109,Lehigh Valley,Suburban,Medium,40.96,-75.76,#97c8dd,#00d100,#ffb600,#ff8d6c,#db9edb
18150,PA,28093,70493,42,11671,3789,Lehigh Valley,Urban,Medium,41.0,-75.4,#6aa7cb,#00cb00,#ffa500,#ff624a,#d799d7
18155,PA,29908,77582,37,12014,4211,Lehigh Valley,Urban,High,41.04,-75.44000000000001,#64a3c8,#00c000,#ffb600,#ff5f49,#d698d6
18160,PA,32093,55719,38,12041,3258,Lehigh Valley,Urban,Medium,41.08,-75.48,#5c9dc5,#00e300,#ffb300,#ff5f48,#d89ad8
18165,PA,29356,75786,36,11209,1998,Lehigh Valley,Suburban,High,41.120000000000005,-75.52000000000001,#66a4c9,#00c300,#ffba00,#ff654d,#da9cda
18170,PA,35303,70064,40,13794,2847,Lehigh Valley,Urban,Medium,41.160000000000004,-75.56,#5295c1,#00cc00,#ffac00,#ff533f,#d89bd8
18175,PA,37219,83572,36,13412,2698,Lehigh Valley,Urban,High,41.2,-75.60000000000001,#4b91be,#00b600,#ffba00,#ff5641,#d99bd9
18180,PA,33729,56102,39,13025,3828,Lehigh Valley,Urban,Medium,41.24,-75.64,#5799c3,#00e200,#ffaf00,#ff5843,#d799d7
18185,PA,37817,76607,36,15153,3786,Lehigh Valley,Urban,High,41.28,-75.68,#498fbd,#00c100,#ffba00,#ff4a38,#d799d7
18190,PA,38423,67721,38,13795,2579,Lehigh Valley,Urban,Medium,41.32,-75.72,#478ebd,#00d000,#ffb300,#ff533f,#d99bd9
18195,PA,35067,64744,38,13034,2845,Lehigh Valley,Urban,Medium,41.36,-75.76,#5296c1,#00d400,#ffb300,#ff5843,#d89bd8
18210,PA,39846,55025,36,14689,8496,Lehigh Valley,Dense Urban,Medium,40.68,-75.48,#428abb,#00e400,#ffba00,#ff4d3a,#d090d0
18215,PA,35852,63652,40,13731,5677,Lehigh Valley,Dense Urban,Medium,40.72,-75.52000000000001,#5094c0,#00d600,#ffac00,#ff533f,#d495d4
18220,PA,25379,74867,38,10135,3314,Lehigh Valley,Urban,Medium,40.76,-75.56,#73aece,#00c400,#ffb300,#ff6c53,#d89ad8
18225,PA,13072,82749,41,5051,909,Lehigh Valley,Suburban,High,40.800000000000004,-75.60000000000001,#9cccdf,#00b700,#ffa900,#ff906e,#db9edb
18230,PA,30990,76165,37,11580,8313,Lehigh Valley,Dense Urban,High,40.84,-75.64,#60a0c7,#00c200,#ffb600,#ff624b,#d090d0
18235,PA,28241,60939,36,10950,9127,Lehigh Valley,Dense Urban,Medium,40.88,-75.68,#69a7ca,#00db00,#ffba00,#ff674e,#cf8fcf
18240,PA,34069,82045,38,12597,4265,Lehigh Valley,Urban,High,40.92,-75.72,#5698c2,#00b800,#ffb300,#ff5b46,#d698d6
18245,PA,31167,61420,41,12823,3460,Lehigh Valley,Urban,Medium,40.96,-75.76,#609fc6,#00da00,#ffa900,#ff5a44,#d899d8
18250,PA,23837,61353,41,9102,1879,Lehigh Valley,Suburban,Medium,41.0,-75.4,#78b1d0,#00da00,#ffa900,#ff7458,#da9cda
18255,PA,13932,60085,41,5403,1638,Lehigh Valley,Suburban,Medium,41.04,-75.44000000000001,#99cade,#00dc00,#ffa900,#ff8d6c,#da9dda
18260,PA,23691,63811,36,9650,1720,Lehigh Valley,Suburban,Medium,41.08,-75.48,#79b2d0,#00d600,#ffba00,#ff7055,#da9dda
18265,PA,18474,64738,42,7399,1475,Lehigh Valley,Suburban,Medium,41.120000000000005,-75.52000000000001,#8abed8,#00d400,#ffa500,#ff8061,#db9ddb
18270,PA,21797,67867,38,8385,5061,Lehigh Valley,Dense Urban,Medium,41.160000000000004,-75.56,#7fb6d3,#00cf00,#ffb300,#ff795c,#d596d5
18275,PA,31127,70449,41,11845,2697,Lehigh Valley,Urban,Medium,41.2,-75.60000000000001,#60a0c6,#00cb00,#ffa900,#ff614a,#d99bd9
18280,PA,33642,62186,42,13848,3954,Lehigh Valley,Urban,Medium,41.24,-75.64,#5799c3,#00d900,#ffa500,#ff533f,#d799d7
18285,PA,37461,80859,39,13787,11868,Lehigh Valley,Dense Urban,High,41.28,-75.68,#4a90be,#00ba00,#ffaf00,#ff533f,#ca8aca
18290,PA,15642,56296,38,6114,2154,Lehigh Valley,Urban,Medium,41.32,-75.72,#94c5db,#00e200,#ffb300,#ff8968,#da9cda
18295,PA,14895,60366,40,5432,1011,Lehigh Valley,Suburban,Medium,41.36,-75.76,#96c7dc,#00dc00,#ffac00,#ff8d6c,#db9edb
18310,PA,18717,57782,44,7322,604,Poconos/NEPA,Suburban,Medium,41.08,-75.67999999999999,#89bed7,#00e000,#ff9e00,#ff8062,#dc9fdc
18316,PA,29542,48667,46,11338,895,Poconos/NEPA,Suburban,Low,41.128,-75.728,#65a3c9,#00ee00,#ff9700,#ff644c,#db9edb
18322,PA,16277,63852,40,6227,596,Poconos/NEPA,Suburban,Medium,41.176,-75.776,#91c4db,#00d600,#ffac00,#ff8867,#dc9fdc
18328,PA,16155,49009,45,6326,429,Poconos/NEPA,Rural,Low,41.224,-75.824,#92c4db,#00ee00,#ff9b00,#ff8767,#dc9fdc
18334,PA,26601,63753,45,10264,1454,Poconos/NEPA,Suburban,Medium,41.272,-75.872,#6fabcd,#00d600,#ff9b00,#ff6c52,#db9ddb
18340,PA,13722,60514,39,5575,851,Poconos/NEPA,Suburban,Medium,41.32,-75.91999999999999,#9acade,#00db00,#ffaf00,#ff8c6b,#dc9edc
18346,PA,28331,57297,42,11728,970,Poconos/NEPA,Suburban,Medium,41.368,-75.96799999999999,#69a6ca,#00e100,#ffa500,#ff614a,#db9edb
18352,PA,15927,68073,41,6376,401,Poconos/NEPA,Rural,Medium,41.416,-75.616,#93c5db,#00cf00,#ffa900,#ff8767,#dc9fdc
18358,PA,16792,65208,41,6834,519,Poconos/NEPA,Suburban,Medium,41.464,-75.66399999999999,#90c3da,#00d400,#ffa900,#ff8464,#dc9fdc
18364,PA,8628,52778,39,3482,954,Poconos/NEPA,Suburban,Medium,41.512,-75.71199999999999,#abd6e5,#00e800,#ffaf00,#ff9b76,#db9edb
18370,PA,28313,65753,43,11795,1457,Poconos/NEPA,Suburban,Medium,41.56,-75.75999999999999,#69a6ca,#00d300,#ffa200,#ff614a,#db9ddb
18376,PA,18195,46105,42,6894,690,Poconos/NEPA,Suburban,Low,41.608,-75.80799999999999,#8bbfd8,#00f300,#ffa500,#ff8364,#dc9fdc
18382,PA,23417,65083,45,9357,649,Poconos/NEPA,Suburban,Medium,41.656,-75.856,#7ab2d1,#00d400,#ff9b00,#ff7257,#dc9fdc
18388,PA,28170,59212,40,10501,878,Poconos/NEPA,Suburban,Medium,41.704,-75.904,#6aa7ca,#00dd00,#ffac00,#ff6a51,#dc9edc
18394,PA,18593,71536,43,7519,625,Poconos/NEPA,Suburban,Medium,41.752,-75.952,#8abed7,#00c900,#ffa200,#ff7f61,#dc9fdc
18410,PA,10871,67626,42,4175,409,Poconos/NEPA,Rural,Medium,41.08,-75.67999999999999,#a4d1e2,#00d000,#ffa500,#ff9672,#dc9fdc
18416,PA,18642,59534,45,7004,1479,Poconos/NEPA,Suburban,Medium,41.128,-75.728,#8abed7,#00dd00,#ff9b00,#ff8263,#db9ddb
18422,PA,14297,49557,42,5437,391,Poconos/NEPA,Rural,Low,41.176,-75.776,#98c9dd,#00ed00,#ffa500,#ff8d6c,#dc9fdc
18428,PA,16275,48180,43,6775,680,Poconos/NEPA,Suburban,Low,41.224,-75.824,#91c4db,#00ef00,#ffa200,#ff8464,#dc9fdc
18434,PA,17583,61998,44,7379,944,Poconos/NEPA,Suburban,Medium,41.272,-75.872,#8dc1d9,#00d900,#ff9e00,#ff8061,#db9edb
18440,PA,28954,61654,41,11568,2836,Poconos/NEPA,Urban,Medium,41.32,-75.91999999999999,#67a5c9,#00d900,#ffa900,#ff624b,#d89bd8
18446,PA,23042,56546,46,9935,2086,Poconos/NEPA,Urban,Medium,41.368,-75.96799999999999,#7bb3d1,#00e200,#ff9700,#ff6e54,#da9cda
18452,PA,23523,64991,46,9181,779,Poconos/NEPA,Suburban,Medium,41.416,-75.616,#79b2d1,#00d400,#ff9700,#ff7358,#dc9fdc
18458,PA,24673,51614,43,10225,684,Poconos/NEPA,Suburban,Medium,41.464,-75.66399999999999,#75afcf,#00ea00,#ffa200,#ff6c52,#dc9fdc
18464,PA,24662,49958,44,9791,652,Poconos/NEPA,Suburban,Low,41.512,-75.71199999999999,#75afcf,#00ec00,#ff9e00,#ff6f54,#dc9fdc
18470,PA,12776,48832,42,5092,1596,Poconos/NEPA,Suburban,Low,41.56,-75.75999999999999,#9dccdf,#00ee00,#ffa500,#ff906d,#da9dda
18476,PA,9380,67918,45,3873,301,Poconos/NEPA,Rural,Medium,41.608,-75.80799999999999,#a9d5e4,#00cf00,#ff9b00,#ff9874,#dc9fdc
18482,PA,19580,69959,41,8436,890,Poconos/NEPA,Suburban,Medium,41.656,-75.856,#86bcd6,#00cc00,#ffa900,#ff785c,#dc9edc
18488,PA,18179,64493,41,7086,466,Poconos/NEPA,Rural,Medium,41.704,-75.904,#8bbfd8,#00d500,#ffa900,#ff8263,#dc9fdc
18494,PA,27624,63233,40,10391,785,Poconos/NEPA,Suburban,Medium,41.752,-75.952,#6ba8cb,#00d700,#ffac00,#ff6b51,#dc9edc
18610,PA,21156,61589,39,8640,686,Poconos/NEPA,Suburban,Medium,41.08,-75.67999999999999,#81b8d4,#00da00,#ffaf00,#ff775b,#dc9fdc
18616,PA,11450,65195,45,4794,286,Poconos/NEPA,Rural,Medium,41.128,-75.728,#a2d0e1,#00d400,#ff9b00,#ff926f,#dc9fdc
18622,PA,13141,47708,46,5124,638,Poconos/NEPA,Suburban,Low,41.176,-75.776,#9ccbdf,#00f000,#ff9700,#ff8f6d,#dc9fdc
18628,PA,19834,48273,46,8379,932,Poconos/NEPA,Suburban,Low,41.224,-75.824,#86bbd6,#00ef00,#ff9700,#ff795c,#db9edb
18634,PA,20541,65106,46,8865,769,Poconos/NEPA,Suburban,Medium,41.272,-75.872,#83b9d5,#00d400,#ff9700,#ff7559,#dc9fdc
18640,PA,10832,67963,45,4189,397,Poconos/NEPA,Rural,Medium,41.32,-75.91999999999999,#a4d1e2,#00cf00,#ff9b00,#ff9672,#dc9fdc
18646,PA,19156,47800,39,7415,738,Poconos/NEPA,Suburban,Low,41.368,-75.96799999999999,#88bdd7,#00f000,#ffaf00,#ff7f61,#dc9fdc
18652,PA,10610,55728,45,4032,535,Poconos/NEPA,Suburban,Medium,41.416,-75.616,#a4d2e2,#00e300,#ff9b00,#ff9773,#dc9fdc
18658,PA,28583,46914,44,10711,2076,Poconos/NEPA,Urban,Low,41.464,-75.66399999999999,#68a6ca,#00f100,#ff9e00,#ff6850,#da9cda
18664,PA,8406,45508,44,3448,700,Poconos/NEPA,Suburban,Low,41.512,-75.71199999999999,#acd7e5,#00f400,#ff9e00,#ff9b76,#dc9fdc
18670,PA,27873,63908,39,11432,824,Poconos/NEPA,Suburban,Medium,41.56,-75.75999999999999,#6ba7cb,#00d600,#ffaf00,#ff634c,#dc9edc
18676,PA,12357,47292,41,5263,421,Poconos/NEPA,Rural,Low,41.608,-75.80799999999999,#9fcde0,#00f100,#ffa900,#ff8e6d,#dc9fdc
18682,PA,16752,45174,43,6253,535,Poconos/NEPA,Suburban,Low,41.656,-75.856,#90c3da,#00f400,#ffa200,#ff8867,#dc9fdc
18688,PA,28544,54689,45,11405,1587,Poconos/NEPA,Suburban,Medium,41.704,-75.904,#68a6ca,#00e500,#ff9b00,#ff644c,#da9dda
18694,PA,9151,53560,41,3502,247,Poconos/NEPA,Rural,Medium,41.752,-75.952,#a9d5e4,#00e700,#ffa900,#ff9b76,#dda0dd
18910,PA,16856,76998,39,5903,5927,Suburban Philly,Dense Urban,High,40.1,-75.39999999999999,#90c2da,#00c100,#ffaf00,#ff8a69,#d495d4
18914,PA,19669,128470,38,7114,2592,Suburban Philly,Urban,Very High,40.14,-75.44,#86bcd6,#006d00,#ffb300,#ff8263,#d99bd9
18918,PA,20624,85516,43,7298,7713,Suburban Philly,Dense Urban,High,40.18,-75.48,#83b9d5,#00b300,#ffa200,#ff8062,#d192d1
18922,PA,37947,99950,38,14862,4346,Suburban Philly,Urban,High,40.22,-75.52,#498fbd,#009b00,#ffb300,#ff4c39,#d698d6
18926,PA,43281,103011,39,16697,5476,Suburban Philly,Dense Urban,Very High,40.26,-75.56,#3782b6,#009600,#ffaf00,#ff3f30,#d496d4
18930,PA,33626,114758,38,12856,3179,Suburban Philly,Urban,Very High,40.3,-75.6,#5799c3,#008300,#ffb300,#ff5a44,#d89ad8
18934,PA,31743,122775,39,12279,2913,Suburban Philly,Urban,Very High,40.34,-75.64,#5e9ec6,#007600,#ffaf00,#ff5e47,#d89bd8
18938,PA,16141,95384,45,6238,1782,Suburban Philly,Suburban,High,40.38,-75.67999999999999,#92c4db,#00a300,#ff9b00,#ff8867,#da9dda
18942,PA,37967,91390,41,15673,10384,Suburban Philly,Dense Urban,High,40.42,-75.72,#498fbd,#00a900,#ffa900,#ff4635,#cd8dcd
18946,PA,36312,119179,40,15050,6652,Suburban Philly,Dense Urban,Very High,40.46,-75.75999999999999,#4e93bf,#007c00,#ffac00,#ff4a38,#d394d3
18950,PA,22611,125594,40,8720,3905,Suburban Philly,Urban,Very High,40.5,-75.3,#7cb4d2,#007200,#ffac00,#ff765a,#d799d7
18954,PA,26738,86120,43,9469,4385,Suburban Philly,Urban,High,40.54,-75.34,#6eaacc,#00b200,#ffa200,#ff7156,#d698d6
18958,PA,28703,127851,45,9918,5083,Suburban Philly,Dense Urban,Very High,40.58,-75.38,#68a5ca,#006e00,#ff9b00,#ff6e54,#d596d5
18962,PA,44504,80744,42,15420,14579,Suburban Philly,Dense Urban,High,40.62,-75.42,#337fb4,#00bb00,#ffa500,#ff4837,#c685c6
18966,PA,22069,108210,40,7657,9699,Suburban Philly,Dense Urban,Very High,40.66,-75.46,#7eb6d3,#008e00,#ffac00,#ff7e60,#ce8ece
18970,PA,39323,82597,43,13735,13138,Suburban Philly,Dense Urban,High,40.7,-75.5,#448cbb,#00b800,#ffa200,#ff533f,#c987c9
18974,PA,31346,101417,43,11283,8706,Suburban Philly,Dense Urban,Very High,40.74,-75.53999999999999,#5f9fc6,#009900,#ffa200,#ff644d,#cf90cf
18978,PA,32294,128161,42,11460,4694,Suburban Philly,Urban,Very High,40.78,-75.58,#5c9dc5,#006e00,#ffa500,#ff634c,#d697d6
18982,PA,37052,83036,40,13027,3205,Suburban Philly,Urban,High,40.82,-75.61999999999999,#4c91be,#00b700,#ffac00,#ff5843,#d89ad8
18986,PA,15785,93800,42,6204,1537,Suburban Philly,Suburban,High,40.86,-75.66,#93c5db,#00a500,#ffa500,#ff8868,#db9ddb
18990,PA,29973,134500,45,11661,5084,Suburban Philly,Dense Urban,Very High,40.9,-75.7,#64a2c8,#006400,#ff9b00,#ff624a,#d596d5
18994,PA,27355,90848,38,10260,2318,Suburban Philly,Urban,High,40.94,-75.74,#6ca9cc,#00aa00,#ffb300,#ff6c52,#d99cd9
18998,PA,23556,80498,44,8990,2448,Suburban Philly,Urban,High,40.98,-75.78,#79b2d1,#00bb00,#ff9e00,#ff7459,#d99bd9
19010,PA,51380,55071,34,22096,13252,Philadelphia,Dense Urban,Medium,40.0,-75.21,#1c6eab,#00e400,#ffc100,#ff1913,#c887c8
19013,PA,57901,43906,39,25767,17108,Philadelphia,Dense Urban,Low,40.015,-75.225,#065ea2,#00f600,#ffaf00,#ff0000,#c280c2
19016,PA,33149,63150,36,12780,15471,Philadelphia,Dense Urban,Medium,40.03,-75.24,#599bc4,#00d700,#ffba00,#ff5a45,#c583c5
19019,PA,19283,39529,38,7830,3866,Philadelphia,Urban,Low,40.045,-75.255,#87bcd6,#00fd00,#ffb300,#ff7d5f,#d799d7
19022,PA,38095,47752,34,15800,44662,Philadelphia,Dense Urban,Low,40.06,-75.27,#488fbd,#00f000,#ffc100,#ff4534,#984c98
19025,PA,54632,62217,37,23231,12835,Philadelphia,Dense Urban,Medium,40.075,-75.285,#1166a7,#00d900,#ffb600,#ff110d,#c988c9
19028,PA,50994,70220,32,20174,32129,Philadelphia,Dense Urban,Medium,40.09,-75.3,#1d6fab,#00cc00,#ffc800,#ff261d,#ab64ab
19031,PA,48129,54299,32,20150,38042,Philadelphia,Dense Urban,Medium,40.105000000000004,-75.315,#2776af,#00e500,#ffc800,#ff271d,#a259a2
19034,PA,44475,54087,33,17595,20988,Philadelphia,Dense Urban,Medium,40.120000000000005,-75.33,#337fb4,#00e600,#ffc400,#ff382b,#bc79bc
19037,PA,18587,42079,36,8278,8418,Philadelphia,Dense Urban,Low,40.135000000000005,-75.345,#8abed7,#00f900,#ffba00,#ff795c,#d090d0
19040,PA,43817,63556,34,19415,35836,Philadelphia,Dense Urban,Medium,40.150000000000006,-75.36,#3581b5,#00d600,#ffc100,#ff2c21,#a55da5
19043,PA,24450,43433,34,9937,9084,Philadelphia,Dense Urban,Low,40.165000000000006,-75.375,#76b0cf,#00f700,#ffc100,#ff6e54,#cf8fcf
19046,PA,29439,44416,36,11670,9129,Philadelphia,Dense Urban,Low,40.18,-75.39,#65a4c9,#00f500,#ffba00,#ff624a,#cf8fcf
19049,PA,29101,47122,32,12930,5924,Philadelphia,Dense Urban,Low,40.195,-75.405,#66a4c9,#00f100,#ffc800,#ff5944,#d495d4
19052,PA,40433,47127,39,18148,18671,Philadelphia,Dense Urban,Low,40.21,-75.17,#4089ba,#00f100,#ffaf00,#ff3528,#c07dc0
19055,PA,19958,66795,32,7873,13288,Philadelphia,Dense Urban,Medium,40.225,-75.185,#85bbd6,#00d100,#ffc800,#ff7c5f,#c887c8
19058,PA,59814,47794,35,23488,53228,Philadelphia,Dense Urban,Low,40.24,-75.2,#005aa0,#00f000,#ffbd00,#ff0f0c,#8a3c8a
19061,PA,55396,66276,36,22507,58969,Philadelphia,Dense Urban,Medium,40.255,-75.215,#0e64a5,#00d200,#ffba00,#ff1611,#823282
19064,PA,34843,71160,34,15669,19601,Philadelphia,Dense Urban,Medium,40.27,-75.22999999999999,#5396c1,#00ca00,#ffc100,#ff4635,#bf7bbf
19067,PA,28449,59125,34,12930,8051,Philadelphia,Dense Urban,Medium,40.285000000000004,-75.24499999999999,#69a6ca,#00de00,#ffc100,#ff5944,#d091d0
19070,PA,35761,40597,37,14046,13355,Philadelphia,Dense Urban,Low,40.300000000000004,-75.25999999999999,#5094c0,#00fc00,#ffb600,#ff513e,#c887c8
19073,PA,27031,44142,37,11302,20154,Philadelphia,Dense Urban,Low,40.315000000000005,-75.27499999999999,#6daacc,#00f600,#ffb600,#ff644c,#be7abe
19076,PA,26472,42249,37,11449,10300,Philadelphia,Dense Urban,Low,40.330000000000005,-75.28999999999999,#6fabcd,#00f900,#ffb600,#ff634c,#cd8dcd
19079,PA,36351,53282,34,14531,9636,Philadelphia,Dense Urban,Medium,40.345000000000006,-75.30499999999999,#4e93bf,#00e700,#ffc100,#ff4e3b,#ce8ece
19082,PA,42264,48412,38,17260,9770,Philadelphia,Dense Urban,Low,40.36,-75.32,#3a84b7,#00ef00,#ffb300,#ff3b2d,#ce8ece
19085,PA,29002,67304,35,11818,8434,Philadelphia,Dense Urban,Medium,40.375,-75.335,#67a5c9,#00d000,#ffbd00,#ff614a,#d090d0
19088,PA,22493,72228,36,10098,13096,Philadelphia,Dense Urban,Medium,40.39,-75.35,#7db5d2,#00c800,#ffba00,#ff6d53,#c987c9
19091,PA,24816,67492,34,10834,8962,Philadelphia,Dense Urban,Medium,40.405,-75.365,#75afcf,#00d000,#ffc100,#ff684f,#cf8fcf
19094,PA,44957,43827,34,17553,11464,Philadelphia,Dense Urban,Low,40.42,-75.38,#317eb4,#00f600,#ffc100,#ff392b,#cb8acb
19097,PA,32849,62173,37,12847,9112,Philadelphia,Dense Urban,Medium,40.435,-75.395,#5a9bc4,#00d900,#ffb600,#ff5a44,#cf8fcf
19110,PA,23374,73292,37,9283,20654,Philadelphia,Dense Urban,Medium,40.0,-75.21,#7ab2d1,#00c700,#ffb600,#ff7257,#bd79bd
19113,PA,27885,38778,39,11084,10714,Philadelphia,Dense Urban,Low,40.015,-75.225,#6ba7cb,#00ff00,#ffaf00,#ff664e,#cc8ccc
19116,PA,19492,51615,35,8518,6518,Philadelphia,Dense Urban,Medium,40.03,-75.24,#87bcd6,#00ea00,#ffbd00,#ff785b,#d394d3
19119,PA,25851,40044,32,10082,20153,Philadelphia,Dense Urban,Low,40.045,-75.255,#71acce,#00fc00,#ffc800,#ff6d53,#be7abe
19122,PA,43634,61852,38,18394,10187,Philadelphia,Dense Urban,Medium,40.06,-75.27,#3681b5,#00d900,#ffb300,#ff3327,#cd8dcd
19125,PA,44955,44317,38,19935,9720,Philadelphia,Dense Urban,Low,40.075,-75.285,#317eb4,#00f600,#ffb300,#ff281f,#ce8ece
19128,PA,44649,54789,39,17310,29920,Philadelphia,Dense Urban,Medium,40.09,-75.3,#327fb4,#00e500,#ffaf00,#ff3a2c,#af68af
19131,PA,48483,50466,35,19624,11787,Philadelphia,Dense Urban,Medium,40.105000000000004,-75.315,#2575af,#00ec00,#ffbd00,#ff2a20,#cb8acb
19134,PA,49259,68795,36,19031,27618,Philadelphia,Dense Urban,Medium,40.120000000000005,-75.33,#2373ae,#00ce00,#ffba00,#ff2e23,#b26cb2
19137,PA,18193,49190,32,7572,9374,Philadelphia,Dense Urban,Low,40.135000000000005,-75.345,#8bbfd8,#00ee00,#ffc800,#ff7e60,#ce8ece
19140,PA,38389,66369,32,17324,34965,Philadelphia,Dense Urban,Medium,40.150000000000006,-75.36,#478ebd,#00d200,#ffc800,#ff3a2c,#a75ea7
19143,PA,46933,57835,33,18130,47324,Philadelphia,Dense Urban,Medium,40.165000000000006,-75.375,#2b79b1,#00e000,#ffc400,#ff3528,#944794
19146,PA,28332,67538,39,11864,10167,Philadelphia,Dense Urban,Medium,40.18,-75.39,#69a6ca,#00d000,#ffaf00,#ff6049,#cd8dcd
19149,PA,35839,68519,32,14891,18110,Philadelphia,Dense Urban,Medium,40.195,-75.405,#5094c0,#00ce00,#ffc800,#ff4b39,#c17ec1
19152,PA,35709,55543,34,14072,35429,Philadelphia,Dense Urban,Medium,40.21,-75.17,#5094c0,#00e300,#ffc100,#ff513e,#a65ea6
19155,PA,55465,41828,32,24248,20213,Philadelphia,Dense Urban,Low,40.225,-75.185,#0e64a5,#00fa00,#ffc800,#ff0a08,#be7abe
19158,PA,49337,65005,32,20916,24272,Philadelphia,Dense Urban,Medium,40.24,-75.2,#2373ae,#00d400,#ffc800,#ff2119,#b772b7
19161,PA,22912,71623,36,9799,6755,Philadelphia,Dense Urban,Medium,40.255,-75.215,#7bb4d2,#00c900,#ffba00,#ff6f54,#d293d2
19164,PA,21112,60207,34,9518,22833,Philadelphia,Dense Urban,Medium,40.27,-75.22999999999999,#81b8d4,#00dc00,#ffc100,#ff7156,#b975b9
19167,PA,39386,46210,35,15427,29126,Philadelphia,Dense Urban,Low,40.285000000000004,-75.24499999999999,#448bbb,#00f200,#ffbd00,#ff4836,#b069b0
19170,PA,24588,71755,33,9880,11712,Philadelphia,Dense Urban,Medium,40.300000000000004,-75.25999999999999,#76b0cf,#00c900,#ffc400,#ff6e54,#cb8acb
19173,PA,31146,73820,38,14005,38507,Philadelphia,Dense Urban,Medium,40.315000000000005,-75.27499999999999,#609fc6,#00c600,#ffb300,#ff523e,#a158a1
19176,PA,40190,42033,35,17076,9009,Philadelphia,Dense Urban,Low,40.330000000000005,-75.28999999999999,#4189ba,#00f900,#ffbd00,#ff3c2e,#cf8fcf
19179,PA,42995,70402,38,18159,18295,Philadelphia,Dense Urban,Medium,40.345000000000006,-75.30499999999999,#3883b6,#00cb00,#ffb300,#ff3528,#c17ec1
19182,PA,31395,54715,33,13483,6852,Philadelphia,Dense Urban,Medium,40.36,-75.32,#5f9fc6,#00e500,#ffc400,#ff5541,#d293d2
19185,PA,32376,74636,32,13168,6808,Philadelphia,Dense Urban,Medium,40.375,-75.335,#5b9cc5,#00c400,#ffc800,#ff5742,#d293d2
19188,PA,52610,47101,33,23324,15974,Philadelphia,Dense Urban,Low,40.39,-75.35,#186ba9,#00f100,#ffc400,#ff110c,#c482c4
19191,PA,58312,55154,35,23750,40266,Philadelphia,Dense Urban,Medium,40.405,-75.365,#055da2,#00e400,#ffbd00,#ff0e0a,#9e559e
19194,PA,29777,71154,39,11468,9840,Philadelphia,Dense Urban,Medium,40.42,-75.38,#64a3c8,#00ca00,#ffaf00,#ff634c,#ce8ece
19197,PA,40785,66669,35,17594,48029,Philadelphia,Dense Urban,Medium,40.435,-75.395,#3f88b9,#00d100,#ffbd00,#ff382b,#924692
19310,PA,28865,131882,39,11884,2811,Suburban Philly,Urban,Very High,40.1,-75.39999999999999,#67a5c9,#006800,#ffaf00,#ff6049,#d99bd9
19314,PA,26181,101132,41,9299,2983,Suburban Philly,Urban,Very High,40.14,-75.44,#70accd,#009a00,#ffa900,#ff7257,#d89ad8
19318,PA,36315,109395,44,14704,6635,Suburban Philly,Dense Urban,Very High,40.18,-75.48,#4e93bf,#008c00,#ff9e00,#ff4d3a,#d394d3
19322,PA,38010,101762,41,14614,10843,Suburban Philly,Dense Urban,Very High,40.22,-75.52,#498fbd,#009900,#ffa900,#ff4d3b,#cc8ccc
19326,PA,37800,132169,45,14748,4044,Suburban Philly,Urban,Very High,40.26,-75.56,#498fbd,#006700,#ff9b00,#ff4c3a,#d798d7
19330,PA,26927,87452,44,10366,3281,Suburban Philly,Urban,High,40.3,-75.6,#6eaacc,#00b000,#ff9e00,#ff6b51,#d89ad8
19334,PA,16307,110428,41,5714,1549,Suburban Philly,Suburban,Very High,40.34,-75.64,#91c4db,#008a00,#ffa900,#ff8b6a,#da9dda
19338,PA,25238,76140,39,9140,2168,Suburban Philly,Urban,High,40.38,-75.67999999999999,#73aece,#00c200,#ffaf00,#ff7358,#da9cda
19342,PA,16708,85485,42,6025,2537,Suburban Philly,Urban,High,40.42,-75.72,#90c3da,#00b300,#ffa500,#ff8968,#d99bd9
19346,PA,41086,100552,45,16189,12648,Suburban Philly,Dense Urban,Very High,40.46,-75.75999999999999,#3e87b9,#009a00,#ff9b00,#ff4232,#c988c9
19350,PA,15557,88893,38,5411,6635,Suburban Philly,Dense Urban,High,40.5,-75.3,#94c6dc,#00ad00,#ffb300,#ff8d6c,#d394d3
19354,PA,19761,113635,41,6978,1673,Suburban Philly,Suburban,Very High,40.54,-75.34,#86bbd6,#008500,#ffa900,#ff8363,#da9dda
19358,PA,22166,113115,43,8329,4411,Suburban Philly,Urban,Very High,40.58,-75.38,#7eb5d3,#008600,#ffa200,#ff795c,#d698d6
19362,PA,39509,95878,40,14877,4107,Suburban Philly,Urban,High,40.62,-75.42,#448bbb,#00a200,#ffac00,#ff4b39,#d798d7
19366,PA,17808,111304,40,6254,3167,Suburban Philly,Urban,Very High,40.66,-75.46,#8cc0d8,#008900,#ffac00,#ff8867,#d89ad8
19370,PA,18802,93354,44,6757,3094,Suburban Philly,Urban,High,40.7,-75.5,#89bed7,#00a600,#ff9e00,#ff8465,#d89ad8
19374,PA,34203,128410,45,11802,3397,Suburban Philly,Urban,Very High,40.74,-75.53999999999999,#5598c2,#006d00,#ff9b00,#ff614a,#d89ad8
19378,PA,16863,83016,38,5972,1599,Suburban Philly,Suburban,High,40.78,-75.58,#8fc2da,#00b700,#ffb300,#ff8a69,#da9dda
19382,PA,18935,115510,43,7490,4299,Suburban Philly,Urban,Very High,40.82,-75.61999999999999,#89bdd7,#008200,#ffa200,#ff7f61,#d698d6
19386,PA,38364,99045,42,13399,5400,Suburban Philly,Dense Urban,High,40.86,-75.66,#478ebd,#009d00,#ffa500,#ff5641,#d596d5
19390,PA,34151,128269,42,14139,3547,Suburban Philly,Urban,Very High,40.9,-75.7,#5698c2,#006e00,#ffa500,#ff513d,#d799d7
19394,PA,18906,97313,45,7414,2118,Suburban Philly,Urban,High,40.94,-75.74,#89bdd7,#00a000,#ff9b00,#ff7f61,#da9cda
19398,PA,33383,86944,45,12066,3273,Suburban Philly,Urban,High,40.98,-75.78,#589ac3,#00b100,#ff9b00,#ff5f48,#d89ad8
19410,PA,40885,131622,40,14103,3532,Suburban Philly,Urban,Very High,40.1,-75.39999999999999,#3f88b9,#006800,#ffac00,#ff513e,#d799d7
19414,PA,25503,86590,43,10594,2134,Suburban Philly,Urban,High,40.14,-75.44,#73adce,#00b100,#ffa200,#ff6950,#da9cda
19418,PA,16088,84764,38,6608,2969,Suburban Philly,Urban,High,40.18,-75.48,#92c4db,#00b400,#ffb300,#ff8565,#d89ad8
19422,PA,35620,83068,41,13051,3735,Suburban Philly,Urban,High,40.22,-75.52,#5195c0,#00b700,#ffa900,#ff5843,#d799d7
19426,PA,26390,104218,39,10761,2433,Suburban Philly,Urban,Very High,40.26,-75.56,#70abcd,#009500,#ffaf00,#ff684f,#d99bd9
19430,PA,43182,129189,43,16584,6279,Suburban Philly,Dense Urban,Very High,40.3,-75.6,#3782b6,#006c00,#ffa200,#ff4030,#d394d3
19434,PA,23605,76098,40,8825,10514,Suburban Philly,Dense Urban,High,40.34,-75.64,#79b2d1,#00c200,#ffac00,#ff765a,#cd8ccd
19438,PA,24101,119716,45,9893,2390,Suburban Philly,Urban,Very High,40.38,-75.67999999999999,#77b1d0,#007b00,#ff9b00,#ff6e54,#d99bd9
19442,PA,43220,83549,45,15768,14361,Suburban Philly,Dense Urban,High,40.42,-75.72,#3782b6,#00b600,#ff9b00,#ff4535,#c785c7
19446,PA,20776,99297,41,7545,2965,Suburban Philly,Urban,High,40.46,-75.75999999999999,#82b9d4,#009d00,#ffa900,#ff7f60,#d89ad8
19450,PA,22355,125649,42,8178,6476,Suburban Philly,Dense Urban,Very High,40.5,-75.3,#7db5d2,#007200,#ffa500,#ff7a5d,#d394d3
19454,PA,17555,77951,44,6128,1650,Suburban Philly,Suburban,High,40.54,-75.34,#8dc1d9,#00bf00,#ff9e00,#ff8868,#da9dda
19458,PA,35349,111469,42,13132,7582,Suburban Philly,Dense Urban,Very High,40.58,-75.38,#5295c1,#008900,#ffa500,#ff5843,#d192d1
19462,PA,43454,90592,43,15038,10199,Suburban Philly,Dense Urban,High,40.62,-75.42,#3681b6,#00ab00,#ffa200,#ff4a39,#cd8dcd
19466,PA,16556,98864,38,6726,3992,Suburban Philly,Urban,High,40.66,-75.46,#91c3da,#009d00,#ffb300,#ff8465,#d798d7
19470,PA,25576,98071,43,9735,2780,Suburban Philly,Urban,High,40.7,-75.5,#72adce,#009e00,#ffa200,#ff6f55,#d99bd9
19474,PA,39035,133931,41,14239,4732,Suburban Philly,Urban,Very High,40.74,-75.53999999999999,#458cbc,#006400,#ffa900,#ff503d,#d697d6
19478,PA,30373,91237,41,11903,4579,Suburban Philly,Urban,High,40.78,-75.58,#62a1c7,#00aa00,#ffa900,#ff6049,#d697d6
19482,PA,28333,93691,42,9912,3711,Suburban Philly,Urban,High,40.82,-75.61999999999999,#69a6ca,#00a600,#ffa500,#ff6e54,#d799d7
19486,PA,38303,103278,44,15067,8125,Suburban Philly,Dense Urban,Very High,40.86,-75.66,#488ebd,#009600,#ff9e00,#ff4a38,#d091d0
19490,PA,19945,123766,40,7865,1948,Suburban Philly,Suburban,Very High,40.9,-75.7,#85bbd6,#007500,#ffac00,#ff7c5f,#da9cda
19494,PA,30920,129238,38,11643,5973,Suburban Philly,Dense Urban,Very High,40.94,-75.74,#60a0c7,#006c00,#ffb300,#ff624b,#d495d4
19498,PA,33193,101917,38,13652,6970,Suburban Philly,Dense Urban,Very High,40.98,-75.78,#599ac4,#009800,#ffb300,#ff5440,#d293d2
19510,PA,13490,59065,37,4838,3225,Reading Area,Urban,Medium,40.4,-76.0,#9bcbde,#00de00,#ffb600,#ff916f,#d89ad8
19516,PA,14796,67356,39,5515,2661,Reading Area,Urban,Medium,40.459999999999994,-76.06,#96c7dd,#00d000,#ffaf00,#ff8d6b,#d99bd9
19522,PA,27376,58578,41,10521,1405,Reading Area,Suburban,Medium,40.519999999999996,-76.12,#6ca9cb,#00de00,#ffa900,#ff6a51,#db9ddb
19528,PA,16426,48999,41,5898,1401,Reading Area,Suburban,Low,40.58,-76.18,#91c3da,#00ee00,#ffa900,#ff8a69,#db9ddb
19534,PA,18125,50763,39,6586,1411,Reading Area,Suburban,Medium,40.64,-76.24000000000001,#8bbfd8,#00eb00,#ffaf00,#ff8565,#db9ddb
19540,PA,33640,64835,40,13370,5162,Reading Area,Dense Urban,Medium,40.699999999999996,-76.30000000000001,#5799c3,#00d400,#ffac00,#ff5641,#d596d5
19546,PA,29477,68452,43,11673,1996,Reading Area,Suburban,Medium,40.76,-76.36,#65a4c9,#00ce00,#ffa200,#ff624a,#da9cda
19552,PA,18566,59254,39,7002,1412,Reading Area,Suburban,Medium,40.82,-75.92,#8abed7,#00dd00,#ffaf00,#ff8263,#db9ddb
19558,PA,30979,55291,37,11826,2095,Reading Area,Urban,Medium,40.879999999999995,-75.98,#60a0c7,#00e400,#ffb600,#ff614a,#da9cda
19564,PA,29581,64523,37,10663,2885,Reading Area,Urban,Medium,40.94,-76.04,#65a3c9,#00d500,#ffb600,#ff6950,#d89bd8
19570,PA,20808,54261,39,8184,1152,Reading Area,Suburban,Medium,41.0,-76.10000000000001,#82b9d4,#00e500,#ffaf00,#ff7a5d,#db9edb
19576,PA,26433,64402,42,10435,2419,Reading Area,Urban,Medium,41.059999999999995,-76.16000000000001,#6fabcd,#00d500,#ffa500,#ff6a51,#d99bd9
19610,PA,22253,54432,41,8199,2229,Reading Area,Urban,Medium,40.4,-76.0,#7db5d2,#00e500,#ffa900,#ff7a5d,#d99cd9
19616,PA,28822,57741,43,11226,2041,Reading Area,Urban,Medium,40.459999999999994,-76.06,#67a5ca,#00e000,#ffa200,#ff654d,#da9cda
19622,PA,15941,63166,38,5763,1170,Reading Area,Suburban,Medium,40.519999999999996,-76.12,#93c5db,#00d700,#ffb300,#ff8b6a,#db9edb
19628,PA,32745,48201,37,13413,2923,Reading Area,Urban,Low,40.58,-76.18,#5a9cc4,#00ef00,#ffb600,#ff5641,#d89ad8
19634,PA,17737,49988,38,6613,3051,Reading Area,Urban,Low,40.64,-76.24000000000001,#8dc0d9,#00ec00,#ffb300,#ff8565,#d89ad8
19640,PA,24256,55162,39,9772,2541,Reading Area,Urban,Medium,40.699999999999996,-76.30000000000001,#77b0d0,#00e400,#ffaf00,#ff6f55,#d99bd9
19646,PA,24114,53755,38,9011,2906,Reading Area,Urban,Medium,40.76,-76.36,#77b1d0,#00e600,#ffb300,#ff7459,#d89bd8
19652,PA,34729,49518,42,14307,2542,Reading Area,Urban,Low,40.82,-75.92,#5497c2,#00ed00,#ffa500,#ff4f3c,#d99bd9
19658,PA,12600,51554,43,4806,2302,Reading Area,Urban,Medium,40.879999999999995,-75.98,#9ecde0,#00ea00,#ffa200,#ff926f,#d99cd9
19664,PA,29233,49742,39,10947,1915,Reading Area,Suburban,Low,40.94,-76.04,#66a4c9,#00ed00,#ffaf00,#ff674e,#da9cda
19670,PA,22768,61032,39,9076,1543,Reading Area,Suburban,Medium,41.0,-76.10000000000001,#7cb4d2,#00da00,#ffaf00,#ff7458,#da9dda
19676,PA,28939,55619,37,11827,7176,Reading Area,Dense Urban,Medium,41.059999999999995,-76.16000000000001,#67a5c9,#00e300,#ffb600,#ff614a,#d293d2
