nearest_gmb,Year,total_leads,google_leads,google_share,yoy_total,yoy_google
"Allentown, PA",2008,9,0,0.0,,
"Allentown, PA",2009,4,1,0.25,-0.556,inf
"Allentown, PA",2010,10,1,0.1,1.5,0.0
"Allentown, PA",2011,11,1,0.091,0.1,0.0
"Allentown, PA",2012,23,2,0.087,1.091,1.0
"Allentown, PA",2013,38,4,0.105,0.652,1.0
"Allentown, PA",2014,39,6,0.154,0.026,0.5
"Allentown, PA",2015,47,11,0.234,0.205,0.833
"Allentown, PA",2016,48,15,0.312,0.021,0.364
"Allentown, PA",2017,77,22,0.286,0.604,0.467
"Allentown, PA",2018,92,21,0.228,0.195,-0.045
"Allentown, PA",2019,114,28,0.246,0.239,0.333
"Allentown, PA",2020,195,42,0.215,0.711,0.5
"Allentown, PA",2021,328,87,0.265,0.682,1.071
"Allentown, PA",2022,453,111,0.245,0.381,0.276
"Allentown, PA",2023,386,90,0.233,-0.148,-0.189
"Allentown, PA",2024,397,75,0.189,0.028,-0.167
"Allentown, PA",2025,501,106,0.212,0.262,0.413
"Bethlehem, PA",2008,3,0,0.0,,
"Bethlehem, PA",2009,3,0,0.0,0.0,
"Bethlehem, PA",2010,5,0,0.0,0.667,
"Bethlehem, PA",2011,6,2,0.333,0.2,inf
"Bethlehem, PA",2012,11,1,0.091,0.833,-0.5
"Bethlehem, PA",2013,26,6,0.231,1.364,5.0
"Bethlehem, PA",2014,28,4,0.143,0.077,-0.333
"Bethlehem, PA",2015,32,4,0.125,0.143,0.0
"Bethlehem, PA",2016,50,15,0.3,0.562,2.75
"Bethlehem, PA",2017,79,21,0.266,0.58,0.4
"Bethlehem, PA",2018,90,25,0.278,0.139,0.19
"Bethlehem, PA",2019,107,28,0.262,0.189,0.12
"Bethlehem, PA",2020,118,19,0.161,0.103,-0.321
"Bethlehem, PA",2021,204,66,0.324,0.729,2.474
"Bethlehem, PA",2022,363,117,0.322,0.779,0.773
"Bethlehem, PA",2023,324,93,0.287,-0.107,-0.205
"Bethlehem, PA",2024,354,87,0.246,0.093,-0.065
"Bethlehem, PA",2025,521,106,0.203,0.472,0.218
"Bowmansville, PA",2004,2,0,0.0,,
"Bowmansville, PA",2005,5,0,0.0,1.5,
"Bowmansville, PA",2006,5,0,0.0,0.0,
"Bowmansville, PA",2007,4,0,0.0,-0.2,
"Bowmansville, PA",2008,18,0,0.0,3.5,
"Bowmansville, PA",2009,8,1,0.125,-0.556,inf
"Bowmansville, PA",2010,8,0,0.0,0.0,-1.0
"Bowmansville, PA",2011,19,2,0.105,1.375,inf
"Bowmansville, PA",2012,22,4,0.182,0.158,1.0
"Bowmansville, PA",2013,14,2,0.143,-0.364,-0.5
"Bowmansville, PA",2014,17,2,0.118,0.214,0.0
"Bowmansville, PA",2015,20,4,0.2,0.176,1.0
"Bowmansville, PA",2016,34,11,0.324,0.7,1.75
"Bowmansville, PA",2017,35,6,0.171,0.029,-0.455
"Bowmansville, PA",2018,47,11,0.234,0.343,0.833
"Bowmansville, PA",2019,62,18,0.29,0.319,0.636
"Bowmansville, PA",2020,86,27,0.314,0.387,0.5
"Bowmansville, PA",2021,198,69,0.348,1.302,1.556
"Bowmansville, PA",2022,388,107,0.276,0.96,0.551
"Bowmansville, PA",2023,268,74,0.276,-0.309,-0.308
"Bowmansville, PA",2024,181,29,0.16,-0.325,-0.608
"Bowmansville, PA",2025,234,61,0.261,0.293,1.103
"Doylestown, PA",2008,95,3,0.032,,
"Doylestown, PA",2009,26,1,0.038,-0.726,-0.667
"Doylestown, PA",2010,40,1,0.025,0.538,0.0
"Doylestown, PA",2011,48,1,0.021,0.2,0.0
"Doylestown, PA",2012,55,7,0.127,0.146,6.0
"Doylestown, PA",2013,45,11,0.244,-0.182,0.571
"Doylestown, PA",2014,25,5,0.2,-0.444,-0.545
"Doylestown, PA",2015,27,6,0.222,0.08,0.2
"Doylestown, PA",2016,55,11,0.2,1.037,0.833
"Doylestown, PA",2017,41,12,0.293,-0.255,0.091
"Doylestown, PA",2018,65,12,0.185,0.585,0.0
"Doylestown, PA",2019,90,23,0.256,0.385,0.917
"Doylestown, PA",2020,150,31,0.207,0.667,0.348
"Doylestown, PA",2021,189,47,0.249,0.26,0.516
"Doylestown, PA",2022,314,43,0.137,0.661,-0.085
"Doylestown, PA",2023,260,39,0.15,-0.172,-0.093
"Doylestown, PA",2024,295,14,0.047,0.135,-0.641
"Doylestown, PA",2025,287,42,0.146,-0.027,2.0
"Hillsborough Township, NJ",2009,1,0,0.0,,
"Hillsborough Township, NJ",2011,33,0,0.0,32.0,
"Hillsborough Township, NJ",2012,48,2,0.042,0.455,inf
"Hillsborough Township, NJ",2013,109,14,0.128,1.271,6.0
"Hillsborough Township, NJ",2014,162,13,0.08,0.486,-0.071
"Hillsborough Township, NJ",2015,165,14,0.085,0.019,0.077
"Hillsborough Township, NJ",2016,155,20,0.129,-0.061,0.429
"Hillsborough Township, NJ",2017,153,35,0.229,-0.013,0.75
"Hillsborough Township, NJ",2018,199,34,0.171,0.301,-0.029
"Hillsborough Township, NJ",2019,241,37,0.154,0.211,0.088
"Hillsborough Township, NJ",2020,401,62,0.155,0.664,0.676
"Hillsborough Township, NJ",2021,723,159,0.22,0.803,1.565
"Hillsborough Township, NJ",2022,859,179,0.208,0.188,0.126
"Hillsborough Township, NJ",2023,676,153,0.226,-0.213,-0.145
"Hillsborough Township, NJ",2024,592,96,0.162,-0.124,-0.373
"Hillsborough Township, NJ",2025,722,122,0.169,0.22,0.271
"Lancaster, PA",2012,2,0,0.0,,
"Lancaster, PA",2013,3,0,0.0,0.5,
"Lancaster, PA",2016,2,2,1.0,-0.333,inf
"Lancaster, PA",2017,1,0,0.0,-0.5,-1.0
"Lancaster, PA",2018,6,1,0.167,5.0,inf
"Lancaster, PA",2019,15,5,0.333,1.5,4.0
"Lancaster, PA",2020,9,4,0.444,-0.4,-0.2
"Lancaster, PA",2021,28,12,0.429,2.111,2.0
"Lancaster, PA",2022,250,44,0.176,7.929,2.667
"Lancaster, PA",2023,136,35,0.257,-0.456,-0.205
"Lancaster, PA",2024,71,13,0.183,-0.478,-0.629
"Lancaster, PA",2025,108,27,0.25,0.521,1.077
"Langhorne, PA",2008,153,2,0.013,,
"Langhorne, PA",2009,62,2,0.032,-0.595,0.0
"Langhorne, PA",2010,57,3,0.053,-0.081,0.5
"Langhorne, PA",2011,77,7,0.091,0.351,1.333
"Langhorne, PA",2012,107,15,0.14,0.39,1.143
"Langhorne, PA",2013,83,18,0.217,-0.224,0.2
"Langhorne, PA",2014,93,13,0.14,0.12,-0.278
"Langhorne, PA",2015,75,9,0.12,-0.194,-0.308
"Langhorne, PA",2016,71,9,0.127,-0.053,0.0
"Langhorne, PA",2017,101,17,0.168,0.423,0.889
"Langhorne, PA",2018,145,34,0.234,0.436,1.0
"Langhorne, PA",2019,181,48,0.265,0.248,0.412
"Langhorne, PA",2020,304,60,0.197,0.68,0.25
"Langhorne, PA",2021,470,139,0.296,0.546,1.317
"Langhorne, PA",2022,547,95,0.174,0.164,-0.317
"Langhorne, PA",2023,504,85,0.169,-0.079,-0.105
"Langhorne, PA",2024,348,33,0.095,-0.31,-0.612
"Langhorne, PA",2025,447,82,0.183,0.284,1.485
"Lindenwold, NJ",2009,16,0,0.0,,
"Lindenwold, NJ",2010,34,0,0.0,1.125,
"Lindenwold, NJ",2011,11,0,0.0,-0.676,
"Lindenwold, NJ",2012,20,1,0.05,0.818,inf
"Lindenwold, NJ",2013,28,9,0.321,0.4,8.0
"Lindenwold, NJ",2014,27,3,0.111,-0.036,-0.667
"Lindenwold, NJ",2015,47,8,0.17,0.741,1.667
"Lindenwold, NJ",2016,52,12,0.231,0.106,0.5
"Lindenwold, NJ",2017,118,17,0.144,1.269,0.417
"Lindenwold, NJ",2018,325,26,0.08,1.754,0.529
"Lindenwold, NJ",2019,462,57,0.123,0.422,1.192
"Lindenwold, NJ",2020,348,54,0.155,-0.247,-0.053
"Lindenwold, NJ",2021,870,144,0.166,1.5,1.667
"Lindenwold, NJ",2022,1160,153,0.132,0.333,0.062
"Lindenwold, NJ",2023,913,131,0.143,-0.213,-0.144
"Lindenwold, NJ",2024,935,72,0.077,0.024,-0.45
"Lindenwold, NJ",2025,955,132,0.138,0.021,0.833
"Media, PA",2003,478,7,0.015,,
"Media, PA",2004,405,4,0.01,-0.153,-0.429
"Media, PA",2005,410,6,0.015,0.012,0.5
"Media, PA",2006,624,16,0.026,0.522,1.667
"Media, PA",2007,593,19,0.032,-0.05,0.188
"Media, PA",2008,494,9,0.018,-0.167,-0.526
"Media, PA",2009,301,16,0.053,-0.391,0.778
"Media, PA",2010,307,17,0.055,0.02,0.062
"Media, PA",2011,372,20,0.054,0.212,0.176
"Media, PA",2012,425,39,0.092,0.142,0.95
"Media, PA",2013,399,53,0.133,-0.061,0.359
"Media, PA",2014,376,53,0.141,-0.058,0.0
"Media, PA",2015,285,64,0.225,-0.242,0.208
"Media, PA",2016,322,62,0.193,0.13,-0.031
"Media, PA",2017,346,78,0.225,0.075,0.258
"Media, PA",2018,358,57,0.159,0.035,-0.269
"Media, PA",2019,414,84,0.203,0.156,0.474
"Media, PA",2020,651,108,0.166,0.572,0.286
"Media, PA",2021,726,116,0.16,0.115,0.074
"Media, PA",2022,790,101,0.128,0.088,-0.129
"Media, PA",2023,709,73,0.103,-0.103,-0.277
"Media, PA",2024,572,38,0.066,-0.193,-0.479
"Media, PA",2025,627,73,0.116,0.096,0.921
"Mount Laurel Township, NJ",2009,23,0,0.0,,
"Mount Laurel Township, NJ",2010,17,1,0.059,-0.261,inf
"Mount Laurel Township, NJ",2011,26,1,0.038,0.529,0.0
"Mount Laurel Township, NJ",2012,25,4,0.16,-0.038,3.0
"Mount Laurel Township, NJ",2013,64,17,0.266,1.56,3.25
"Mount Laurel Township, NJ",2014,55,9,0.164,-0.141,-0.471
"Mount Laurel Township, NJ",2015,36,6,0.167,-0.345,-0.333
"Mount Laurel Township, NJ",2016,62,11,0.177,0.722,0.833
"Mount Laurel Township, NJ",2017,114,21,0.184,0.839,0.909
"Mount Laurel Township, NJ",2018,195,21,0.108,0.711,0.0
"Mount Laurel Township, NJ",2019,263,47,0.179,0.349,1.238
"Mount Laurel Township, NJ",2020,307,71,0.231,0.167,0.511
"Mount Laurel Township, NJ",2021,639,136,0.213,1.081,0.915
"Mount Laurel Township, NJ",2022,832,131,0.157,0.302,-0.037
"Mount Laurel Township, NJ",2023,716,122,0.17,-0.139,-0.069
"Mount Laurel Township, NJ",2024,592,64,0.108,-0.173,-0.475
"Mount Laurel Township, NJ",2025,680,118,0.174,0.149,0.844
"NE Philadelphia, PA",2003,2,0,0.0,,
"NE Philadelphia, PA",2004,2,0,0.0,0.0,
"NE Philadelphia, PA",2008,85,4,0.047,41.5,inf
"NE Philadelphia, PA",2009,42,2,0.048,-0.506,-0.5
"NE Philadelphia, PA",2010,30,1,0.033,-0.286,-0.5
"NE Philadelphia, PA",2011,27,2,0.074,-0.1,1.0
"NE Philadelphia, PA",2012,62,6,0.097,1.296,2.0
"NE Philadelphia, PA",2013,71,16,0.225,0.145,1.667
"NE Philadelphia, PA",2014,59,5,0.085,-0.169,-0.688
"NE Philadelphia, PA",2015,39,7,0.179,-0.339,0.4
"NE Philadelphia, PA",2016,69,20,0.29,0.769,1.857
"NE Philadelphia, PA",2017,89,18,0.202,0.29,-0.1
"NE Philadelphia, PA",2018,103,21,0.204,0.157,0.167
"NE Philadelphia, PA",2019,117,33,0.282,0.136,0.571
"NE Philadelphia, PA",2020,195,46,0.236,0.667,0.394
"NE Philadelphia, PA",2021,335,68,0.203,0.718,0.478
"NE Philadelphia, PA",2022,477,79,0.166,0.424,0.162
"NE Philadelphia, PA",2023,382,46,0.12,-0.199,-0.418
"NE Philadelphia, PA",2024,265,27,0.102,-0.306,-0.413
"NE Philadelphia, PA",2025,304,36,0.118,0.147,0.333
"North Wales, PA",2003,2,0,0.0,,
"North Wales, PA",2004,16,0,0.0,7.0,
"North Wales, PA",2005,1,0,0.0,-0.938,
"North Wales, PA",2006,13,1,0.077,12.0,inf
"North Wales, PA",2007,43,2,0.047,2.308,1.0
"North Wales, PA",2008,257,8,0.031,4.977,3.0
"North Wales, PA",2009,122,9,0.074,-0.525,0.125
"North Wales, PA",2010,108,9,0.083,-0.115,0.0
"North Wales, PA",2011,101,9,0.089,-0.065,0.0
"North Wales, PA",2012,181,16,0.088,0.792,0.778
"North Wales, PA",2013,115,19,0.165,-0.365,0.188
"North Wales, PA",2014,145,15,0.103,0.261,-0.211
"North Wales, PA",2015,101,15,0.149,-0.303,0.0
"North Wales, PA",2016,119,20,0.168,0.178,0.333
"North Wales, PA",2017,136,27,0.199,0.143,0.35
"North Wales, PA",2018,213,40,0.188,0.566,0.481
"North Wales, PA",2019,260,72,0.277,0.221,0.8
"North Wales, PA",2020,345,74,0.214,0.327,0.028
"North Wales, PA",2021,558,124,0.222,0.617,0.676
"North Wales, PA",2022,698,125,0.179,0.251,0.008
"North Wales, PA",2023,744,112,0.151,0.066,-0.104
"North Wales, PA",2024,945,64,0.068,0.27,-0.429
"North Wales, PA",2025,896,115,0.128,-0.052,0.797
"Pennington, NJ",2008,3,0,0.0,,
"Pennington, NJ",2009,2,0,0.0,-0.333,
"Pennington, NJ",2010,10,2,0.2,4.0,inf
"Pennington, NJ",2011,49,3,0.061,3.9,0.5
"Pennington, NJ",2012,54,6,0.111,0.102,1.0
"Pennington, NJ",2013,68,11,0.162,0.259,0.833
"Pennington, NJ",2014,44,9,0.205,-0.353,-0.182
"Pennington, NJ",2015,41,10,0.244,-0.068,0.111
"Pennington, NJ",2016,51,8,0.157,0.244,-0.2
"Pennington, NJ",2017,53,12,0.226,0.039,0.5
"Pennington, NJ",2018,91,22,0.242,0.717,0.833
"Pennington, NJ",2019,118,27,0.229,0.297,0.227
"Pennington, NJ",2020,137,29,0.212,0.161,0.074
"Pennington, NJ",2021,224,53,0.237,0.635,0.828
"Pennington, NJ",2022,325,51,0.157,0.451,-0.038
"Pennington, NJ",2023,222,47,0.212,-0.317,-0.078
"Pennington, NJ",2024,216,30,0.139,-0.027,-0.362
"Pennington, NJ",2025,228,42,0.184,0.056,0.4
"South Philadelphia, PA",2003,29,0,0.0,,
"South Philadelphia, PA",2004,31,1,0.032,0.069,inf
"South Philadelphia, PA",2005,32,2,0.062,0.032,1.0
"South Philadelphia, PA",2006,50,0,0.0,0.562,-1.0
"South Philadelphia, PA",2007,67,1,0.015,0.34,inf
"South Philadelphia, PA",2008,58,1,0.017,-0.134,0.0
"South Philadelphia, PA",2009,56,1,0.018,-0.034,0.0
"South Philadelphia, PA",2010,97,3,0.031,0.732,2.0
"South Philadelphia, PA",2011,80,4,0.05,-0.175,0.333
"South Philadelphia, PA",2012,92,12,0.13,0.15,2.0
"South Philadelphia, PA",2013,81,9,0.111,-0.12,-0.25
"South Philadelphia, PA",2014,85,13,0.153,0.049,0.444
"South Philadelphia, PA",2015,68,11,0.162,-0.2,-0.154
"South Philadelphia, PA",2016,78,16,0.205,0.147,0.455
"South Philadelphia, PA",2017,93,21,0.226,0.192,0.312
"South Philadelphia, PA",2018,104,18,0.173,0.118,-0.143
"South Philadelphia, PA",2019,117,15,0.128,0.125,-0.167
"South Philadelphia, PA",2020,149,28,0.188,0.274,0.867
"South Philadelphia, PA",2021,285,42,0.147,0.913,0.5
"South Philadelphia, PA",2022,315,43,0.137,0.105,0.024
"South Philadelphia, PA",2023,224,37,0.165,-0.289,-0.14
"South Philadelphia, PA",2024,149,18,0.121,-0.335,-0.514
"South Philadelphia, PA",2025,207,38,0.184,0.389,1.111
"Trenton, NJ",2009,7,0,0.0,,
"Trenton, NJ",2010,11,0,0.0,0.571,
"Trenton, NJ",2011,21,1,0.048,0.909,inf
"Trenton, NJ",2012,46,4,0.087,1.19,3.0
"Trenton, NJ",2013,61,13,0.213,0.326,2.25
"Trenton, NJ",2014,37,7,0.189,-0.393,-0.462
"Trenton, NJ",2015,30,7,0.233,-0.189,0.0
"Trenton, NJ",2016,46,11,0.239,0.533,0.571
"Trenton, NJ",2017,59,13,0.22,0.283,0.182
"Trenton, NJ",2018,108,14,0.13,0.831,0.077
"Trenton, NJ",2019,143,26,0.182,0.324,0.857
"Trenton, NJ",2020,159,29,0.182,0.112,0.115
"Trenton, NJ",2021,295,68,0.231,0.855,1.345
"Trenton, NJ",2022,390,64,0.164,0.322,-0.059
"Trenton, NJ",2023,257,45,0.175,-0.341,-0.297
"Trenton, NJ",2024,269,43,0.16,0.047,-0.044
"Trenton, NJ",2025,250,54,0.216,-0.071,0.256
"West Chester, PA",2003,72,2,0.028,,
"West Chester, PA",2004,558,8,0.014,6.75,3.0
"West Chester, PA",2005,546,9,0.016,-0.022,0.125
"West Chester, PA",2006,734,13,0.018,0.344,0.444
"West Chester, PA",2007,814,21,0.026,0.109,0.615
"West Chester, PA",2008,658,19,0.029,-0.192,-0.095
"West Chester, PA",2009,283,13,0.046,-0.57,-0.316
"West Chester, PA",2010,325,27,0.083,0.148,1.077
"West Chester, PA",2011,406,30,0.074,0.249,0.111
"West Chester, PA",2012,416,51,0.123,0.025,0.7
"West Chester, PA",2013,448,77,0.172,0.077,0.51
"West Chester, PA",2014,372,60,0.161,-0.17,-0.221
"West Chester, PA",2015,351,83,0.236,-0.056,0.383
"West Chester, PA",2016,354,88,0.249,0.009,0.06
"West Chester, PA",2017,401,101,0.252,0.133,0.148
"West Chester, PA",2018,381,76,0.199,-0.05,-0.248
"West Chester, PA",2019,547,125,0.229,0.436,0.645
"West Chester, PA",2020,749,122,0.163,0.369,-0.024
"West Chester, PA",2021,939,100,0.106,0.254,-0.18
"West Chester, PA",2022,880,110,0.125,-0.063,0.1
"West Chester, PA",2023,913,95,0.104,0.038,-0.136
"West Chester, PA",2024,757,41,0.054,-0.171,-0.568
"West Chester, PA",2025,818,81,0.099,0.081,0.976
"Wilmington, DE",2003,6,0,0.0,,
"Wilmington, DE",2004,49,0,0.0,7.167,
"Wilmington, DE",2005,77,0,0.0,0.571,
"Wilmington, DE",2006,74,3,0.041,-0.039,inf
"Wilmington, DE",2007,377,5,0.013,4.095,0.667
"Wilmington, DE",2008,201,4,0.02,-0.467,-0.2
"Wilmington, DE",2009,113,2,0.018,-0.438,-0.5
"Wilmington, DE",2010,190,12,0.063,0.681,5.0
"Wilmington, DE",2011,239,14,0.059,0.258,0.167
"Wilmington, DE",2012,217,16,0.074,-0.092,0.143
"Wilmington, DE",2013,204,54,0.265,-0.06,2.375
"Wilmington, DE",2014,203,22,0.108,-0.005,-0.593
"Wilmington, DE",2015,165,30,0.182,-0.187,0.364
"Wilmington, DE",2016,254,49,0.193,0.539,0.633
"Wilmington, DE",2017,228,65,0.285,-0.102,0.327
"Wilmington, DE",2018,203,45,0.222,-0.11,-0.308
"Wilmington, DE",2019,347,82,0.236,0.709,0.822
"Wilmington, DE",2020,498,76,0.153,0.435,-0.073
"Wilmington, DE",2021,593,118,0.199,0.191,0.553
"Wilmington, DE",2022,786,120,0.153,0.325,0.017
"Wilmington, DE",2023,591,100,0.169,-0.248,-0.167
"Wilmington, DE",2024,530,52,0.098,-0.103,-0.48
"Wilmington, DE",2025,571,97,0.17,0.077,0.865
