nearest_gmb,segment,Postal Code,total_leads,google_leads,google_share
"Allentown, PA",adjacent,18011,23,6,0.261
"Allentown, PA",adjacent,18015,104,26,0.25
"Allentown, PA",adjacent,18031,170,41,0.241
"Allentown, PA",adjacent,18034,159,32,0.201
"Allentown, PA",adjacent,18036,158,32,0.203
"Allentown, PA",adjacent,18036-8822,1,0,0.0
"Allentown, PA",adjacent,18037,57,18,0.316
"Allentown, PA",adjacent,18049,111,31,0.279
"Allentown, PA",adjacent,18051,94,17,0.181
"Allentown, PA",adjacent,18056,1,0,0.0
"Allentown, PA",adjacent,18059,27,6,0.222
"Allentown, PA",adjacent,18062,271,51,0.188
"Allentown, PA",adjacent,18065,1,0,0.0
"Allentown, PA",adjacent,18066,44,6,0.136
"Allentown, PA",adjacent,18067,138,39,0.283
"Allentown, PA",adjacent,18068,1,1,1.0
"Allentown, PA",adjacent,18069,154,22,0.143
"Allentown, PA",adjacent,18078,159,27,0.17
"Allentown, PA",adjacent,18080,68,11,0.162
"Allentown, PA",adjacent,18087,5,1,0.2
"Allentown, PA",adjacent,18088,38,10,0.263
"Allentown, PA",adjacent,18092,30,3,0.1
"Allentown, PA",adjacent,18106,77,14,0.182
"Allentown, PA",adjacent,18951-4003,1,0,0.0
"Allentown, PA",adjacent,19539,18,6,0.333
"Allentown, PA",core,18032,57,12,0.211
"Allentown, PA",core,18052,156,44,0.282
"Allentown, PA",core,18102,18,5,0.278
"Allentown, PA",core,18103,227,64,0.282
"Allentown, PA",core,18104,368,86,0.234
"Allentown, PA",core,18109,36,12,0.333
"Bethlehem, PA",adjacent,08865,113,30,0.265
"Bethlehem, PA",adjacent,18014,104,21,0.202
"Bethlehem, PA",adjacent,18015-5051,1,1,1.0
"Bethlehem, PA",adjacent,18039,3,1,0.333
"Bethlehem, PA",adjacent,18040,224,59,0.263
"Bethlehem, PA",adjacent,18042,96,29,0.302
"Bethlehem, PA",adjacent,18046,1,0,0.0
"Bethlehem, PA",adjacent,18055,105,21,0.2
"Bethlehem, PA",adjacent,18072,10,2,0.2
"Bethlehem, PA",adjacent,18077,22,4,0.182
"Bethlehem, PA",adjacent,18081,4,1,0.25
"Bethlehem, PA",adjacent,18083,2,0,0.0
"Bethlehem, PA",adjacent,18091,24,6,0.25
"Bethlehem, PA",core,18016,1,1,1.0
"Bethlehem, PA",core,18017,400,98,0.245
"Bethlehem, PA",core,18017-1073,1,0,0.0
"Bethlehem, PA",core,18017-5327,1,0,0.0
"Bethlehem, PA",core,18018,93,38,0.409
"Bethlehem, PA",core,18018-3709,1,0,0.0
"Bethlehem, PA",core,18020,385,102,0.265
"Bethlehem, PA",core,18020-8811,1,0,0.0
"Bethlehem, PA",core,18020-9588,1,1,1.0
"Bethlehem, PA",core,18045,356,86,0.242
"Bethlehem, PA",core,18064,375,93,0.248
"Bowmansville, PA",adjacent,17517-9691,1,0,0.0
"Bowmansville, PA",adjacent,17522,114,48,0.421
"Bowmansville, PA",adjacent,17528,1,0,0.0
"Bowmansville, PA",adjacent,17557,51,10,0.196
"Bowmansville, PA",adjacent,17569,30,7,0.233
"Bowmansville, PA",adjacent,17578,25,11,0.44
"Bowmansville, PA",adjacent,19344,139,22,0.158
"Bowmansville, PA",adjacent,19508,113,29,0.257
"Bowmansville, PA",adjacent,19520,75,9,0.12
"Bowmansville, PA",adjacent,19543,114,26,0.228
"Bowmansville, PA",adjacent,19551,30,4,0.133
"Bowmansville, PA",adjacent,19565,42,10,0.238
"Bowmansville, PA",adjacent,19601,17,2,0.118
"Bowmansville, PA",adjacent,19602,5,1,0.2
"Bowmansville, PA",adjacent,19606,188,49,0.261
"Bowmansville, PA",adjacent,19606-3420,1,0,0.0
"Bowmansville, PA",adjacent,19607,92,25,0.272
"Bowmansville, PA",adjacent,19608,224,45,0.201
"Bowmansville, PA",adjacent,19609,39,15,0.385
"Bowmansville, PA",adjacent,19610,74,19,0.257
"Bowmansville, PA",adjacent,19611,11,2,0.182
"Bowmansville, PA",core,17517,120,49,0.408
"Bowmansville, PA",core,17519,47,10,0.213
"Bowmansville, PA",core,17555,29,11,0.379
"Bowmansville, PA",core,17581,1,0,0.0
"Bowmansville, PA",core,19501,6,2,0.333
"Bowmansville, PA",core,19540,86,22,0.256
"Doylestown, PA",adjacent,18910,1,1,1.0
"Doylestown, PA",adjacent,18913,4,1,0.25
"Doylestown, PA",adjacent,18917,14,2,0.143
"Doylestown, PA",adjacent,18924,1,0,0.0
"Doylestown, PA",adjacent,18931,1,0,0.0
"Doylestown, PA",adjacent,18933,1,0,0.0
"Doylestown, PA",adjacent,18938,186,33,0.177
"Doylestown, PA",adjacent,18942,29,5,0.172
"Doylestown, PA",adjacent,18944,192,36,0.188
"Doylestown, PA",adjacent,18947,57,10,0.175
"Doylestown, PA",adjacent,18949,1,0,0.0
"Doylestown, PA",adjacent,18950,1,0,0.0
"Doylestown, PA",adjacent,18962,4,1,0.25
"Doylestown, PA",adjacent,18974,347,48,0.138
"Doylestown, PA",adjacent,18974-2504,1,1,1.0
"Doylestown, PA",core,18901,192,28,0.146
"Doylestown, PA",core,18902,270,30,0.111
"Doylestown, PA",core,18912,2,1,0.5
"Doylestown, PA",core,18914,324,46,0.142
"Doylestown, PA",core,18923,9,3,0.333
"Doylestown, PA",core,18925,61,4,0.066
"Doylestown, PA",core,18929,127,19,0.15
"Doylestown, PA",core,18934,4,1,0.25
"Doylestown, PA",core,18976,278,39,0.14
"Hillsborough Township, NJ",adjacent,07059,257,60,0.233
"Hillsborough Township, NJ",adjacent,07920-3825,1,0,0.0
"Hillsborough Township, NJ",adjacent,07921,2,1,0.5
"Hillsborough Township, NJ",adjacent,08092,1,1,1.0
"Hillsborough Township, NJ",adjacent,08512-2140,1,0,0.0
"Hillsborough Township, NJ",adjacent,08528,2,0,0.0
"Hillsborough Township, NJ",adjacent,08553,3,1,0.333
"Hillsborough Township, NJ",adjacent,08558,171,40,0.234
"Hillsborough Township, NJ",adjacent,08805,44,11,0.25
"Hillsborough Township, NJ",adjacent,08807,459,78,0.17
"Hillsborough Township, NJ",adjacent,08807-1414,1,0,0.0
"Hillsborough Township, NJ",adjacent,08810,122,18,0.148
"Hillsborough Township, NJ",adjacent,08812,110,18,0.164
"Hillsborough Township, NJ",adjacent,08822,414,74,0.179
"Hillsborough Township, NJ",adjacent,08823,59,11,0.186
"Hillsborough Township, NJ",adjacent,08824,222,26,0.117
"Hillsborough Township, NJ",adjacent,08836,46,9,0.196
"Hillsborough Township, NJ",adjacent,08846,85,19,0.224
"Hillsborough Township, NJ",adjacent,08850,73,10,0.137
"Hillsborough Township, NJ",adjacent,08852,278,29,0.104
"Hillsborough Township, NJ",adjacent,08853,93,18,0.194
"Hillsborough Township, NJ",adjacent,08854,502,83,0.165
"Hillsborough Township, NJ",adjacent,08869,43,9,0.209
"Hillsborough Township, NJ",adjacent,08873,506,87,0.172
"Hillsborough Township, NJ",adjacent,08873-****,1,1,1.0
"Hillsborough Township, NJ",adjacent,08876,177,42,0.237
"Hillsborough Township, NJ",adjacent,08887,5,0,0.0
"Hillsborough Township, NJ",adjacent,08889,115,17,0.148
"Hillsborough Township, NJ",adjacent,08901,22,8,0.364
"Hillsborough Township, NJ",adjacent,08902,326,40,0.123
"Hillsborough Township, NJ",adjacent,08902-1079,1,0,0.0
"Hillsborough Township, NJ",adjacent,08904,39,5,0.128
"Hillsborough Township, NJ",core,08502,330,52,0.158
"Hillsborough Township, NJ",core,08502-5846,1,0,0.0
"Hillsborough Township, NJ",core,08835,41,15,0.366
"Hillsborough Township, NJ",core,08844,667,151,0.226
"Hillsborough Township, NJ",core,08844-1101,1,0,0.0
"Hillsborough Township, NJ",core,08880,18,6,0.333
"Lancaster, PA",adjacent,17055,3,1,0.333
"Lancaster, PA",adjacent,17368,1,0,0.0
"Lancaster, PA",adjacent,17501,11,4,0.364
"Lancaster, PA",adjacent,17505,3,0,0.0
"Lancaster, PA",adjacent,17508,2,0,0.0
"Lancaster, PA",adjacent,17512,26,5,0.192
"Lancaster, PA",adjacent,17516,2,0,0.0
"Lancaster, PA",adjacent,17529,6,1,0.167
"Lancaster, PA",adjacent,17534,2,0,0.0
"Lancaster, PA",adjacent,17538,24,9,0.375
"Lancaster, PA",adjacent,17540,22,6,0.273
"Lancaster, PA",adjacent,17542,1,0,0.0
"Lancaster, PA",adjacent,17543,147,30,0.204
"Lancaster, PA",adjacent,17545,35,9,0.257
"Lancaster, PA",adjacent,17562,6,3,0.5
"Lancaster, PA",adjacent,17572,8,1,0.125
"Lancaster, PA",adjacent,17579,22,7,0.318
"Lancaster, PA",core,17520,15,3,0.2
"Lancaster, PA",core,17551,6,1,0.167
"Lancaster, PA",core,17584,4,0,0.0
"Lancaster, PA",core,17601,154,27,0.175
"Lancaster, PA",core,17602,45,14,0.311
"Lancaster, PA",core,17603,86,22,0.256
"Langhorne, PA",adjacent,08016,280,50,0.179
"Langhorne, PA",adjacent,08518,49,7,0.143
"Langhorne, PA",adjacent,08554,9,1,0.111
"Langhorne, PA",adjacent,08821,1,0,0.0
"Langhorne, PA",adjacent,18940,486,67,0.138
"Langhorne, PA",adjacent,18940-1251,1,0,0.0
"Langhorne, PA",adjacent,18954,224,36,0.161
"Langhorne, PA",adjacent,18966,494,88,0.178
"Langhorne, PA",adjacent,19007,51,9,0.176
"Langhorne, PA",adjacent,19020,459,65,0.142
"Langhorne, PA",adjacent,19021,21,3,0.143
"Langhorne, PA",adjacent,19053,211,36,0.171
"Langhorne, PA",core,19030,75,14,0.187
"Langhorne, PA",core,19047,341,56,0.164
"Langhorne, PA",core,19054,91,16,0.176
"Langhorne, PA",core,19055,59,27,0.458
"Langhorne, PA",core,19056,79,17,0.215
"Langhorne, PA",core,19057,57,13,0.228
"Langhorne, PA",core,19065,1,0,0.0
"Langhorne, PA",core,19067,836,166,0.199
"Lindenwold, NJ",adjacent,00008,1,0,0.0
"Lindenwold, NJ",adjacent,00808,1,0,0.0
"Lindenwold, NJ",adjacent,08004,105,27,0.257
"Lindenwold, NJ",adjacent,08028,167,25,0.15
"Lindenwold, NJ",adjacent,08032,4,1,0.25
"Lindenwold, NJ",adjacent,08035,42,5,0.119
"Lindenwold, NJ",adjacent,08062-2866,1,0,0.0
"Lindenwold, NJ",adjacent,08071,44,10,0.227
"Lindenwold, NJ",adjacent,08080,674,99,0.147
"Lindenwold, NJ",adjacent,08081,1719,139,0.081
"Lindenwold, NJ",adjacent,08081-3427,1,0,0.0
"Lindenwold, NJ",adjacent,08089,24,5,0.208
"Lindenwold, NJ",adjacent,08090,93,16,0.172
"Lindenwold, NJ",adjacent,08094,970,62,0.064
"Lindenwold, NJ",adjacent,08096,262,55,0.21
"Lindenwold, NJ",adjacent,08312,147,15,0.102
"Lindenwold, NJ",core,00000,1,0,0.0
"Lindenwold, NJ",core,08003-1985,1,0,0.0
"Lindenwold, NJ",core,08003-3140,1,0,0.0
"Lindenwold, NJ",core,08003-5137,1,0,0.0
"Lindenwold, NJ",core,08007,23,7,0.304
"Lindenwold, NJ",core,08009,250,30,0.12
"Lindenwold, NJ",core,08012,436,65,0.149
"Lindenwold, NJ",core,08021,302,55,0.182
"Lindenwold, NJ",core,08026,29,11,0.379
"Lindenwold, NJ",core,08029,51,14,0.275
"Lindenwold, NJ",core,08043,634,113,0.178
"Lindenwold, NJ",core,08043-2985,1,0,0.0
"Lindenwold, NJ",core,08043-3427,1,0,0.0
"Lindenwold, NJ",core,08045,25,8,0.32
"Lindenwold, NJ",core,08049,37,4,0.108
"Lindenwold, NJ",core,08078,25,6,0.24
"Lindenwold, NJ",core,08081-9751,1,1,1.0
"Lindenwold, NJ",core,08083,110,17,0.155
"Lindenwold, NJ",core,08084,63,17,0.27
"Lindenwold, NJ",core,08091,74,12,0.162
"Media, PA",adjacent,08014,1,0,0.0
"Media, PA",adjacent,08323,2,1,0.5
"Media, PA",adjacent,19003,218,15,0.069
"Media, PA",adjacent,19008-1522,1,0,0.0
"Media, PA",adjacent,19010,885,85,0.096
"Media, PA",adjacent,19010-1011,1,0,0.0
"Media, PA",adjacent,19026,317,49,0.155
"Media, PA",adjacent,19028,3,0,0.0
"Media, PA",adjacent,19032,23,3,0.13
"Media, PA",adjacent,19041,236,23,0.097
"Media, PA",adjacent,19058,1,0,0.0
"Media, PA",adjacent,19061,407,36,0.088
"Media, PA",adjacent,19073,878,67,0.076
"Media, PA",adjacent,19074,22,1,0.045
"Media, PA",adjacent,19079,27,10,0.37
"Media, PA",adjacent,19083,1078,93,0.086
"Media, PA",adjacent,19085,421,44,0.105
"Media, PA",adjacent,19087,1306,131,0.1
"Media, PA",adjacent,19087-2108,1,0,0.0
"Media, PA",adjacent,19087-2930,1,0,0.0
"Media, PA",adjacent,19087-3612,1,0,0.0
"Media, PA",adjacent,19333,345,35,0.101
"Media, PA",adjacent,19342,719,70,0.097
"Media, PA",core,19008,748,65,0.087
"Media, PA",core,19013,41,6,0.146
"Media, PA",core,19014,604,41,0.068
"Media, PA",core,19015,138,14,0.101
"Media, PA",core,19017,8,1,0.125
"Media, PA",core,19018,149,31,0.208
"Media, PA",core,19022,4,1,0.25
"Media, PA",core,19033,72,11,0.153
"Media, PA",core,19036,56,13,0.232
"Media, PA",core,19037,1,0,0.0
"Media, PA",core,19043,16,3,0.188
"Media, PA",core,19063,1054,104,0.099
"Media, PA",core,19063-5500,1,0,0.0
"Media, PA",core,19064,544,73,0.134
"Media, PA",core,19070,56,8,0.143
"Media, PA",core,19076,50,6,0.12
"Media, PA",core,19078,70,13,0.186
"Media, PA",core,19081,127,17,0.134
"Media, PA",core,19086,313,34,0.109
"Media, PA",core,19086-6630,1,0,0.0
"Media, PA",core,19094,36,9,0.25
"Media, PA",core,19342-8829,1,0,0.0
"Mount Laurel Township, NJ",adjacent,08010,55,9,0.164
"Mount Laurel Township, NJ",adjacent,08033,115,21,0.183
"Mount Laurel Township, NJ",adjacent,08036,136,21,0.154
"Mount Laurel Township, NJ",adjacent,08046,290,60,0.207
"Mount Laurel Township, NJ",adjacent,08048,188,33,0.176
"Mount Laurel Township, NJ",adjacent,08048-4534,1,0,0.0
"Mount Laurel Township, NJ",adjacent,08055,269,53,0.197
"Mount Laurel Township, NJ",adjacent,08060,169,36,0.213
"Mount Laurel Township, NJ",adjacent,08065,20,6,0.3
"Mount Laurel Township, NJ",adjacent,08075,184,44,0.239
"Mount Laurel Township, NJ",adjacent,08109,127,25,0.197
"Mount Laurel Township, NJ",adjacent,08110,61,17,0.279
"Mount Laurel Township, NJ",core,08002,175,33,0.189
"Mount Laurel Township, NJ",core,08003,611,69,0.113
"Mount Laurel Township, NJ",core,08034,243,29,0.119
"Mount Laurel Township, NJ",core,08052,70,16,0.229
"Mount Laurel Township, NJ",core,08053,731,105,0.144
"Mount Laurel Township, NJ",core,08054,734,114,0.155
"Mount Laurel Township, NJ",core,08054-1327,1,0,0.0
"Mount Laurel Township, NJ",core,08054-1333,1,0,0.0
"Mount Laurel Township, NJ",core,08057,312,56,0.179
"Mount Laurel Township, NJ",core,08077,152,33,0.217
"Mount Laurel Township, NJ",core,08203,1,0,0.0
"NE Philadelphia, PA",adjacent,19001,96,18,0.188
"NE Philadelphia, PA",adjacent,19001-4202,1,0,0.0
"NE Philadelphia, PA",adjacent,19006,273,41,0.15
"NE Philadelphia, PA",adjacent,19009,3,1,0.333
"NE Philadelphia, PA",adjacent,19025,114,10,0.088
"NE Philadelphia, PA",adjacent,19031,46,7,0.152
"NE Philadelphia, PA",adjacent,19038,245,39,0.159
"NE Philadelphia, PA",adjacent,19040,180,27,0.15
"NE Philadelphia, PA",adjacent,19075,81,11,0.136
"NE Philadelphia, PA",adjacent,19090,103,17,0.165
"NE Philadelphia, PA",adjacent,19103,8,1,0.125
"NE Philadelphia, PA",adjacent,19116,115,23,0.2
"NE Philadelphia, PA",adjacent,19118,28,3,0.107
"NE Philadelphia, PA",adjacent,19119,73,11,0.151
"NE Philadelphia, PA",adjacent,19128,101,26,0.257
"NE Philadelphia, PA",adjacent,19129,15,4,0.267
"NE Philadelphia, PA",adjacent,19144,33,4,0.121
"NE Philadelphia, PA",adjacent,19154,63,12,0.19
"NE Philadelphia, PA",adjacent,19155,2,0,0.0
"NE Philadelphia, PA",adjacent,19444,136,18,0.132
"NE Philadelphia, PA",core,19012,90,10,0.111
"NE Philadelphia, PA",core,19027,155,29,0.187
"NE Philadelphia, PA",core,19046,138,19,0.138
"NE Philadelphia, PA",core,19095,79,11,0.139
"NE Philadelphia, PA",core,19095-1815,1,0,0.0
"NE Philadelphia, PA",core,19111,66,11,0.167
"NE Philadelphia, PA",core,19114,62,13,0.21
"NE Philadelphia, PA",core,19115,144,29,0.201
"NE Philadelphia, PA",core,19120,28,5,0.179
"NE Philadelphia, PA",core,19124,20,2,0.1
"NE Philadelphia, PA",core,19126,27,2,0.074
"NE Philadelphia, PA",core,19127,5,1,0.2
"NE Philadelphia, PA",core,19134,10,0,0.0
"NE Philadelphia, PA",core,19135,11,4,0.364
"NE Philadelphia, PA",core,19136,33,6,0.182
"NE Philadelphia, PA",core,19137,5,1,0.2
"NE Philadelphia, PA",core,19138,26,4,0.154
"NE Philadelphia, PA",core,19140,4,1,0.25
"NE Philadelphia, PA",core,19141,18,3,0.167
"NE Philadelphia, PA",core,19149,16,1,0.062
"NE Philadelphia, PA",core,19150,61,5,0.082
"NE Philadelphia, PA",core,19152,40,7,0.175
"North Wales, PA",adjacent,08608,2,0,0.0
"North Wales, PA",adjacent,18914-3769,1,1,1.0
"North Wales, PA",adjacent,18932,8,1,0.125
"North Wales, PA",adjacent,18960,60,10,0.167
"North Wales, PA",adjacent,18964,136,15,0.11
"North Wales, PA",adjacent,18969,102,27,0.265
"North Wales, PA",adjacent,19034,114,19,0.167
"North Wales, PA",adjacent,19034-2813,1,0,0.0
"North Wales, PA",adjacent,19044,146,28,0.192
"North Wales, PA",adjacent,19401,112,18,0.161
"North Wales, PA",adjacent,19403,674,85,0.126
"North Wales, PA",adjacent,19403-2656,1,0,0.0
"North Wales, PA",adjacent,19405,2,1,0.5
"North Wales, PA",adjacent,19406,274,32,0.117
"North Wales, PA",adjacent,19406-1516,1,0,0.0
"North Wales, PA",adjacent,19406-2550,1,1,1.0
"North Wales, PA",adjacent,19406-3635,1,0,0.0
"North Wales, PA",adjacent,19409,1,0,0.0
"North Wales, PA",adjacent,19426,689,70,0.102
"North Wales, PA",adjacent,19426-1756,1,0,0.0
"North Wales, PA",adjacent,19426-2592,1,0,0.0
"North Wales, PA",adjacent,19428,119,19,0.16
"North Wales, PA",adjacent,19430,1,0,0.0
"North Wales, PA",adjacent,19435,1,0,0.0
"North Wales, PA",adjacent,19438,379,61,0.161
"North Wales, PA",adjacent,19438-2359,1,0,0.0
"North Wales, PA",adjacent,19453,3,1,0.333
"North Wales, PA",adjacent,19456,2,0,0.0
"North Wales, PA",adjacent,19462,273,36,0.132
"North Wales, PA",adjacent,19473,200,30,0.15
"North Wales, PA",adjacent,19474,32,0,0.0
"North Wales, PA",adjacent,19484,1,0,0.0
"North Wales, PA",core,18915,10,3,0.3
"North Wales, PA",core,18936,2,0,0.0
"North Wales, PA",core,18957,2,0,0.0
"North Wales, PA",core,19002,572,85,0.149
"North Wales, PA",core,19422,362,47,0.13
"North Wales, PA",core,19422-1520,1,0,0.0
"North Wales, PA",core,19423,2,1,0.5
"North Wales, PA",core,19437,17,2,0.118
"North Wales, PA",core,19438-3600,1,1,1.0
"North Wales, PA",core,19440,292,34,0.116
"North Wales, PA",core,19443,1,0,0.0
"North Wales, PA",core,19446,886,139,0.157
"North Wales, PA",core,19446-5658,1,0,0.0
"North Wales, PA",core,19454,609,106,0.174
"North Wales, PA",core,19454-1332,1,0,0.0
"North Wales, PA",core,19477,16,3,0.188
"North Wales, PA",core,19486,1,0,0.0
"North Wales, PA",core,19490,3,0,0.0
"Pennington, NJ",adjacent,08504,1,0,0.0
"Pennington, NJ",adjacent,08525,55,9,0.164
"Pennington, NJ",adjacent,08530,56,7,0.125
"Pennington, NJ",adjacent,08536,259,40,0.154
"Pennington, NJ",adjacent,08540,549,109,0.199
"Pennington, NJ",adjacent,08540-3913,1,0,0.0
"Pennington, NJ",adjacent,08540-6440,1,0,0.0
"Pennington, NJ",adjacent,08540-6763,1,0,0.0
"Pennington, NJ",adjacent,08542,7,1,0.143
"Pennington, NJ",adjacent,08551,137,18,0.131
"Pennington, NJ",adjacent,08646,1,0,0.0
"Pennington, NJ",adjacent,18940-2613,1,0,0.0
"Pennington, NJ",adjacent,18940-2812,1,0,0.0
"Pennington, NJ",adjacent,18977,82,18,0.22
"Pennington, NJ",core,08525-3003,1,0,0.0
"Pennington, NJ",core,08534,258,52,0.202
"Pennington, NJ",core,08560,71,11,0.155
"Pennington, NJ",core,08628,82,12,0.146
"Pennington, NJ",core,08638,104,32,0.308
"Pennington, NJ",core,08648,267,53,0.199
"Pennington, NJ",core,08650,1,0,0.0
"South Philadelphia, PA",adjacent,00001,1,0,0.0
"South Philadelphia, PA",adjacent,08020,29,6,0.207
"South Philadelphia, PA",adjacent,08027,21,3,0.143
"South Philadelphia, PA",adjacent,08031,63,12,0.19
"South Philadelphia, PA",adjacent,08051,79,17,0.215
"South Philadelphia, PA",adjacent,08051-1160,1,0,0.0
"South Philadelphia, PA",adjacent,08056,114,11,0.096
"South Philadelphia, PA",adjacent,08059,23,4,0.174
"South Philadelphia, PA",adjacent,08061,43,10,0.233
"South Philadelphia, PA",adjacent,08063,9,1,0.111
"South Philadelphia, PA",adjacent,08066,26,4,0.154
"South Philadelphia, PA",adjacent,08086,48,8,0.167
"South Philadelphia, PA",adjacent,08097,20,5,0.25
"South Philadelphia, PA",adjacent,08106,31,4,0.129
"South Philadelphia, PA",adjacent,08107,41,9,0.22
"South Philadelphia, PA",adjacent,08108,90,25,0.278
"South Philadelphia, PA",adjacent,19004,199,28,0.141
"South Philadelphia, PA",adjacent,19023,38,3,0.079
"South Philadelphia, PA",adjacent,19029,16,5,0.312
"South Philadelphia, PA",adjacent,19035,229,20,0.087
"South Philadelphia, PA",adjacent,19066,191,13,0.068
"South Philadelphia, PA",adjacent,19072,300,32,0.107
"South Philadelphia, PA",adjacent,19082,56,7,0.125
"South Philadelphia, PA",adjacent,19096,402,46,0.114
"South Philadelphia, PA",adjacent,19131,60,7,0.117
"South Philadelphia, PA",adjacent,19132,3,0,0.0
"South Philadelphia, PA",adjacent,19151,51,7,0.137
"South Philadelphia, PA",adjacent,19153,18,2,0.111
"South Philadelphia, PA",core,08030,32,3,0.094
"South Philadelphia, PA",core,08093,35,13,0.371
"South Philadelphia, PA",core,08102,2,0,0.0
"South Philadelphia, PA",core,08103,3,0,0.0
"South Philadelphia, PA",core,08104,5,1,0.2
"South Philadelphia, PA",core,08105,8,3,0.375
"South Philadelphia, PA",core,19102,3,0,0.0
"South Philadelphia, PA",core,19104,36,4,0.111
"South Philadelphia, PA",core,19106,8,1,0.125
"South Philadelphia, PA",core,19107,4,0,0.0
"South Philadelphia, PA",core,19112,7,1,0.143
"South Philadelphia, PA",core,19121,20,2,0.1
"South Philadelphia, PA",core,19122,6,0,0.0
"South Philadelphia, PA",core,19123,7,1,0.143
"South Philadelphia, PA",core,19125,13,1,0.077
"South Philadelphia, PA",core,19130,25,3,0.12
"South Philadelphia, PA",core,19133,5,0,0.0
"South Philadelphia, PA",core,19139,11,2,0.182
"South Philadelphia, PA",core,19142,12,1,0.083
"South Philadelphia, PA",core,19143,30,2,0.067
"South Philadelphia, PA",core,19145,29,3,0.103
"South Philadelphia, PA",core,19146,21,1,0.048
"South Philadelphia, PA",core,19147,15,3,0.2
"South Philadelphia, PA",core,19148,8,0,0.0
"Trenton, NJ",adjacent,08022,176,29,0.165
"Trenton, NJ",adjacent,08022-9702,1,0,0.0
"Trenton, NJ",adjacent,08501,115,22,0.191
"Trenton, NJ",adjacent,08505,201,31,0.154
"Trenton, NJ",adjacent,08515,218,39,0.179
"Trenton, NJ",adjacent,08520,248,38,0.153
"Trenton, NJ",adjacent,08550,417,67,0.161
"Trenton, NJ",adjacent,08561,1,0,0.0
"Trenton, NJ",adjacent,08620,152,25,0.164
"Trenton, NJ",core,08555,2,1,0.5
"Trenton, NJ",core,08601,1,0,0.0
"Trenton, NJ",core,08609,10,3,0.3
"Trenton, NJ",core,08610,114,29,0.254
"Trenton, NJ",core,08611,9,3,0.333
"Trenton, NJ",core,08618,89,27,0.303
"Trenton, NJ",core,08619,185,44,0.238
"Trenton, NJ",core,08619-1408,1,0,0.0
"Trenton, NJ",core,08629,12,3,0.25
"Trenton, NJ",core,08690,237,38,0.16
"West Chester, PA",adjacent,19301,295,35,0.119
"West Chester, PA",adjacent,19301-1269,1,0,0.0
"West Chester, PA",adjacent,19312,769,66,0.086
"West Chester, PA",adjacent,19312-1919,1,0,0.0
"West Chester, PA",adjacent,19319,9,2,0.222
"West Chester, PA",adjacent,19320-4791,1,0,0.0
"West Chester, PA",adjacent,19335,2078,246,0.118
"West Chester, PA",adjacent,19335-1786,1,1,1.0
"West Chester, PA",adjacent,19335-3706,1,0,0.0
"West Chester, PA",adjacent,19343,229,23,0.1
"West Chester, PA",adjacent,19354,1,0,0.0
"West Chester, PA",adjacent,19355,1127,92,0.082
"West Chester, PA",adjacent,19355-3015,1,0,0.0
"West Chester, PA",adjacent,19372,52,7,0.135
"West Chester, PA",adjacent,19373,199,19,0.095
"West Chester, PA",adjacent,19382-8233,1,0,0.0
"West Chester, PA",adjacent,19383,1,0,0.0
"West Chester, PA",adjacent,19421,5,1,0.2
"West Chester, PA",adjacent,19425,927,96,0.104
"West Chester, PA",adjacent,19425-3404,1,0,0.0
"West Chester, PA",adjacent,19442,8,1,0.125
"West Chester, PA",adjacent,19460,786,72,0.092
"West Chester, PA",adjacent,19481,5,0,0.0
"West Chester, PA",adjacent,19482,2,0,0.0
"West Chester, PA",core,18705,1,0,0.0
"West Chester, PA",core,19335-4056,1,0,0.0
"West Chester, PA",core,19341,713,86,0.121
"West Chester, PA",core,19380,2764,287,0.104
"West Chester, PA",core,19380-1187,1,0,0.0
"West Chester, PA",core,19380-2025,1,0,0.0
"West Chester, PA",core,19380-3879,1,0,0.0
"West Chester, PA",core,19380-3946,1,0,0.0
"West Chester, PA",core,19382,2736,318,0.116
"West Chester, PA",core,19382-7404,1,0,0.0
"West Chester, PA",core,19382-8087,1,0,0.0
"Wilmington, DE",adjacent,08023,1,0,0.0
"Wilmington, DE",adjacent,08067,13,2,0.154
"Wilmington, DE",adjacent,08069,51,6,0.118
"Wilmington, DE",adjacent,08070,75,10,0.133
"Wilmington, DE",adjacent,19060,464,37,0.08
"Wilmington, DE",adjacent,19311,309,50,0.162
"Wilmington, DE",adjacent,19317,505,65,0.129
"Wilmington, DE",adjacent,19317-9222,1,0,0.0
"Wilmington, DE",adjacent,19331,1,0,0.0
"Wilmington, DE",adjacent,19348-1820,1,0,0.0
"Wilmington, DE",adjacent,19350,466,58,0.124
"Wilmington, DE",adjacent,19374,5,0,0.0
"Wilmington, DE",adjacent,19703,77,13,0.169
"Wilmington, DE",adjacent,19707,621,97,0.156
"Wilmington, DE",adjacent,19711,544,103,0.189
"Wilmington, DE",adjacent,19713,159,27,0.17
"Wilmington, DE",adjacent,19717,1,0,0.0
"Wilmington, DE",adjacent,19720,434,88,0.203
"Wilmington, DE",adjacent,19736,4,0,0.0
"Wilmington, DE",adjacent,19808,438,70,0.16
"Wilmington, DE",adjacent,19808-3029,1,0,0.0
"Wilmington, DE",adjacent,19808-3801,1,0,0.0
"Wilmington, DE",core,19348,808,116,0.144
"Wilmington, DE",core,19710,2,0,0.0
"Wilmington, DE",core,19801,14,2,0.143
"Wilmington, DE",core,19802,40,8,0.2
"Wilmington, DE",core,19803,407,57,0.14
"Wilmington, DE",core,19804,68,14,0.206
"Wilmington, DE",core,19805,77,11,0.143
"Wilmington, DE",core,19806,32,5,0.156
"Wilmington, DE",core,19807,252,18,0.071
"Wilmington, DE",core,19809,90,17,0.189
"Wilmington, DE",core,19810,754,92,0.122
